#interval	max_mem_used_MB	min_mem_available_MB	max_disk_space_used_GB	max_mem_utilization_percent	max_disk_space_utilization_percent	max_cpu_utilization_percent
1	615.75390625	348.703125	5.509033203125	63.8446178832812	2.66677859494324	84.0
2	599.7890625	364.66796875	14.890625	62.1892985447609	7.20816131454812	-
3	590.51953125	373.9375	24.137451171875	61.2281845760041	11.6843075269778	-
4	605.53125	358.92578125	32.4296913146973	62.7846788793889	15.698363660178	-
5	604.9765625	359.48046875	41.3584060668945	62.7271659491051	20.0205204712872	-
6	600.80859375	363.6484375	52.7263298034668	62.295008930705	25.5234344258522	84.0
7	586.01171875	378.4453125	60.5703201293945	60.7607907622893	29.3205045702579	-
8	609.28125	355.17578125	71.056339263916	63.1734986897582	34.3965116195973	-
9	588.98828125	375.46875	80.3684234619141	61.06941648677	38.9042475322151	-
10	339.91015625	624.546875	83.9410629272461	35.2436806655299	40.6336686669784	-
11	482.7109375	481.74609375	83.9669303894043	50.0500200485215	40.6461904274843	82.0
12	481.12109375	483.3359375	84.1339416503906	49.8851766497503	40.7270362019589	-
13	463.37109375	501.0859375	84.299690246582	48.0447628806688	40.8072707534977	-
14	464.35546875	500.1015625	84.445182800293	48.1468280808907	40.8776998857346	-
15	482.546875	481.91015625	84.579418182373	50.0330091818178	40.9426797162086	-
16	466.37890625	498.078125	84.7587661743164	48.3566287702358	41.0294973788231	82.0
17	484.9921875	479.46484375	84.8884391784668	50.2865520998295	41.0922686817105	-
18	460.15625	504.30078125	85.0459175109863	47.7114308974042	41.1684998153497	-
19	460.609375	503.84765625	85.2000846862793	47.7584132911572	41.2431281045532	-
20	464.52734375	499.9296875	85.331413269043	48.164648988866	41.3067008296585	-
21	464.68359375	499.7734375	85.4710922241211	48.180849814298	41.3743157511578	82.0
22	466.7578125	497.69921875	85.6339721679688	48.3959157719086	41.4531616632776	-
23	448.8203125	515.63671875	85.7926712036133	46.5360610123086	41.5299837073079	-
24	467.53125	496.92578125	85.9187927246094	48.4761098577973	41.5910358302763	-
25	449.8125	514.64453125	86.0689430236816	46.6389362538021	41.6637196549741	-
26	468.3828125	496.07421875	86.1895980834961	48.564404356402	41.7221256073474	82.0
27	469.234375	495.22265625	86.3450317382812	48.6526988550067	41.7973669660816	-
28	451.01953125	513.4375	86.49658203125	46.7640876302648	41.8707284911341	-
29	453.55078125	510.90625	86.6341323852539	47.0265410022641	41.937313012639	-
30	453.98828125	510.46875	86.7646102905273	47.0719033134738	42.0004739470655	-
31	472.37109375	492.0859375	86.8940887451172	48.9779304255552	42.0631510736094	82.0
32	472.8203125	491.63671875	87.0386734008789	49.0245077986723	42.1331407162429	-
33	457.15625	507.30078125	87.1906623840332	47.4003750491088	42.2067145997172	-
34	457.4765625	506.98046875	87.3815422058105	47.4335867412445	42.2991145189324	-
35	457.55078125	506.90625	87.5526504516602	47.4412821333247	42.381943536407	-
36	458.2265625	506.23046875	87.7072715759277	47.5113507033183	42.4567915704121	82.0
37	476.7421875	487.71484375	87.8442344665527	49.4311485170169	42.5230917162913	-
38	458.8671875	505.58984375	88.0385665893555	47.5777740875898	42.6171628039562	-
39	459.33203125	505.125	88.2068748474121	47.6259715432501	42.6986364207213	-
40	477.7265625	486.73046875	88.3238754272461	49.5332137172389	42.7552733351114	-
41	480.51953125	483.9375	88.462532043457	49.8228034718369	42.8223933691581	82.0
42	482.7578125	481.69921875	88.6158485412598	50.0548802961511	42.8966098676828	-
43	460.90625	503.55078125	88.7624320983887	47.7891948594781	42.9675671260816	-
44	481.9609375	482.49609375	88.9014625549316	49.9722560864476	43.0348681264357	-
45	482.828125	481.62890625	89.0480499267578	50.0621706675955	43.1058272314295	-
46	482.79296875	481.6640625	89.1900367736816	50.0585254818733	43.174559342887	82.0
47	465.03515625	499.421875	89.3478622436523	48.2173016715202	43.2509585166687	-
48	465.390625	499.06640625	89.4901885986328	48.2541585493781	43.3198549750786	-
49	484.14453125	480.3125	89.636302947998	50.1986626218606	43.3905851022959	-
50	466.51953125	497.9375	89.7699775695801	48.3712095131247	43.4552934833091	-
51	467.95703125	496.5	89.9303092956543	48.5202571070996	43.5329058699875	82.0
52	487.5625	476.89453125	90.0611038208008	50.5530556781868	43.5962200717967	-
53	469.375	495.08203125	90.241138458252	48.6672795978955	43.6833701215061	-
54	487.671875	476.78515625	90.3647727966309	50.5643962559892	43.7432182645527	-
55	469.359375	495.09765625	90.5088958740234	48.6656595153523	43.8129844691945	-
56	469.55859375	494.8984375	90.6861610412598	48.6863155677782	43.8987938909542	83.0
57	469.41015625	495.046875	90.8428344726562	48.6709247836177	43.9746353930543	-
58	488.578125	475.87890625	90.9553298950195	50.6583610434952	44.0290914787822	-
59	470.38671875	494.0703125	91.1076507568359	48.7721799425681	44.1028260160192	-
60	487.96484375	476.4921875	91.2545318603516	50.5947728036743	44.1739273088259	-
61	488.3046875	476.15234375	91.388801574707	50.6300095989891	44.2389237586547	83.0
62	469.98828125	494.46875	91.567081451416	48.7308678377163	44.3252243746769	-
63	488.46484375	475.9921875	91.7675743103027	50.6466154450569	44.4222777132218	-
64	488.89453125	475.5625	91.9124984741211	50.6911677149951	44.4924317028078	-
65	489.01171875	475.4453125	92.0516777038574	50.7033183340691	44.5598047203658	-
66	490.48046875	473.9765625	92.1823692321777	50.8556060931304	44.6230690641108	83.0
67	470.84765625	493.609375	92.3453979492188	48.8199723775926	44.7019869934345	-
68	470.87890625	493.578125	92.4842987060547	48.8232125426791	44.7692252095594	-
69	470.6640625	493.79296875	92.6304740905762	48.80093640771	44.8399848822963	-
70	471.01171875	493.4453125	92.8041343688965	48.8369832442963	44.9240492718073	-
71	489.65234375	474.8046875	92.9028205871582	50.7697417183405	44.9718206837361	83.0
72	489.1640625	475.29296875	93.0551910400391	50.7191141388654	45.0455792267077	-
73	470.75	493.70703125	93.2193603515625	48.8098468616976	45.1250492879281	-
74	471.16015625	493.296875	93.3942451477051	48.8523740284568	45.2097064344251	-
75	470.66015625	493.796875	93.5309371948242	48.8005313870742	45.2758754720612	-
76	489.11328125	475.34375	93.6749839782715	50.7138488706	45.3456047448036	83.0
77	489.0859375	475.37109375	93.8404884338379	50.7110137261493	45.4257211142642	-
78	470.578125	493.87890625	94.012378692627	48.7920259537223	45.5089286837081	-
79	489.17578125	475.28125	94.1235237121582	50.7203292007728	45.562731074816	-
80	489.1640625	475.29296875	94.2763328552246	50.7191141388654	45.6367019762093	-
81	470.703125	493.75390625	94.4326820373535	48.804986614068	45.7123865177368	83.0
82	489.3125	475.14453125	94.5866470336914	50.7345049230258	45.7869169374067	-
83	489.3203125	475.13671875	94.7099189758301	50.7353149642974	45.8465896539309	-
84	489.2265625	475.23046875	94.8770751953125	50.7255944690382	45.9275055990145	-
85	488.99609375	475.4609375	95.0211143493652	50.7016982515259	45.9972311785669	-
86	470.72265625	493.734375	95.1546592712402	48.807011717247	46.061876775351	83.0
87	489.09765625	475.359375	95.2821273803711	50.7122287880567	46.1235807463446	-
88	470.515625	493.94140625	95.4488143920898	48.7855456235495	46.2042695602465	-
89	489.39453125	475.0625	95.5787239074707	50.7430103563777	46.2671553520222	-
90	470.796875	493.66015625	95.7477226257324	48.8147071093272	46.3489632024773	-
91	470.9453125	493.51171875	95.8768768310547	48.8300978934877	46.4114833684485	83.0
92	489.13671875	475.3203125	96.0122375488281	50.7162789944148	46.4770079444394	-
93	489.046875	475.41015625	96.1801338195801	50.7069635197913	46.5582821289475	-
94	471.1171875	493.33984375	96.3139228820801	48.8479188014629	46.6230459078098	-
95	471.2734375	493.18359375	96.4370384216309	48.864119626895	46.6826429139402	-
96	470.890625	493.56640625	96.6052742004395	48.8244276045865	46.7640814454008	83.0
97	470.94921875	493.5078125	96.7497215270996	48.8305029141235	46.8340046106153	-
98	470.76171875	493.6953125	96.8950271606445	48.811061923605	46.9043432596985	-
99	470.82421875	493.6328125	97.0385932922363	48.8175422537778	46.9738398614744	-
100	471.2734375	493.18359375	97.2050170898438	48.864119626895	47.0544012603232	-
101	489.85546875	474.6015625	97.3170928955078	50.7908027914022	47.1086542206042	83.0
102	471.29296875	493.1640625	97.5043258666992	48.866144730074	47.1992887950261	-
103	489.75	474.70703125	97.6224555969238	50.7798672342356	47.2564723015278	-
104	471.5078125	492.94921875	97.766960144043	48.8884208650431	47.3264231656669	-
105	490.0546875	474.40234375	97.9021301269531	50.8114588438281	47.3918554119091	-
106	488.8515625	475.60546875	98.0410079956055	50.6867124880013	47.4590825484643	83.0
107	471.5234375	492.93359375	98.2138862609863	48.8900409475863	47.542768386006	-
108	471.6171875	492.83984375	98.3558654785156	48.8997614428455	47.6114968042735	-
109	489.68359375	474.7734375	98.4937019348145	50.772981883427	47.6782198204013	-
110	489.984375	474.47265625	98.6377639770508	50.8041684723837	47.7479564795236	-
111	489.97265625	474.484375	98.7833786010742	50.8029534104763	47.8184447027995	83.0
112	489.7421875	474.71484375	98.9563179016113	50.779057192964	47.9021600858608	-
113	489.71484375	474.7421875	99.0838394165039	50.7762220485134	47.9638899091839	-
114	489.68359375	474.7734375	99.220817565918	50.772981883427	48.030197441443	-
115	471.41796875	493.0390625	99.401123046875	48.8791053904196	48.1174785993954	-
116	471.33203125	493.125	99.5366401672363	48.870194936432	48.1830788857801	83.0
117	471.359375	493.09765625	99.7409629821777	48.8730300808826	48.281986205677	-
118	489.8125	474.64453125	99.8582725524902	50.7863475644084	48.3387726942598	-
119	489.9453125	474.51171875	99.9815940856934	50.8001182660257	48.3984694165186	-
120	489.58984375	474.8671875	100.146678924561	50.7632613881677	48.4783826605323	-
121	471.19140625	493.265625	100.30309677124	48.8556141935432	48.5541004407693	83.0
122	496.7265625	467.73046875	100.414268493652	51.5032340897769	48.6079157580419	-
123	489.875	474.58203125	100.561534881592	50.7928278945812	48.6792035569408	-
124	489.68359375	474.7734375	100.72282409668	50.772981883427	48.7572794389572	-
125	489.69140625	474.765625	100.880702972412	50.7737919246986	48.8337044650685	-
126	471.2421875	493.21484375	101.011157989502	48.8608794618086	48.8968543199252	83.0
127	471.234375	493.22265625	101.173885345459	48.860069420537	48.9756263682461	-
128	471.3671875	493.08984375	101.33224105835	48.8738401221542	49.0522822187289	-
129	471.48828125	492.96875	101.457851409912	48.8863957618641	49.113086897971	-
130	471.08203125	493.375	101.613147735596	48.8442736157407	49.1882617792862	-
131	471.2265625	493.23046875	101.753242492676	48.8592593792654	49.2560779796375	83.0
132	490.77734375	473.6796875	101.888259887695	50.8863876614514	49.3214363620809	-
133	492.484375	471.97265625	102.003444671631	51.0633816792966	49.3771942972642	-
134	471.2890625	493.16796875	102.181800842285	48.8657397094382	49.4635318451858	-
135	471.3515625	493.10546875	102.329700469971	48.872220039611	49.5351261788501	-
136	471.4296875	493.02734375	102.475925445557	48.880320452327	49.6059098573215	83.0
137	471.59765625	492.859375	102.650131225586	48.8977363396665	49.6902383099136	-
138	471.40234375	493.0546875	102.80647277832	48.8774853078764	49.7659191582511	-
139	489.65625	474.80078125	102.908393859863	50.7701467389764	49.8152564827163	-
140	490.04296875	474.4140625	103.067115783691	50.8102437819207	49.8920896063165	-
141	471.2421875	493.21484375	103.233184814453	48.8608794618086	49.9724792718329	83.0
142	471.37890625	493.078125	103.376857757568	48.8750551840616	50.0420275782681	-
143	471.50390625	492.953125	103.518692016602	48.8880158444073	50.1106858259266	-
144	489.7265625	474.73046875	103.638324737549	50.7774371104208	50.1685968908474	-
145	489.9296875	474.52734375	103.84818649292	50.7984981834825	50.2701854666439	-
146	489.765625	474.69140625	103.994083404541	50.7814873167788	50.3408103379477	83.0
147	471.4609375	492.99609375	104.147212982178	48.8835606174135	50.4149363533188	-
148	489.77734375	474.6796875	104.283737182617	50.7827023786862	50.4810241407761	-
149	489.79296875	474.6640625	104.427837371826	50.7843224612294	50.5507792658481	-
150	489.64453125	474.8125	104.575408935547	50.7689316770689	50.6222147923448	-
151	489.82421875	474.6328125	104.713687896729	50.7875626263158	50.6891520134893	83.0
152	489.56640625	474.890625	104.863353729248	50.7608312643529	50.7616013206256	-
153	489.82421875	474.6328125	105.004131317139	50.7875626263158	50.8297480614769	-
154	471.52734375	492.9296875	105.176570892334	48.8904459682221	50.9132215405968	-
155	471.33984375	493.1171875	105.300964355469	48.8710049777036	50.9734371560428	-
156	489.78515625	474.671875	105.446102142334	50.7835124199578	51.0436945549473	83.0
157	490.37109375	474.0859375	105.59077835083	50.844265515328	51.11372851586	-
158	489.671875	474.78515625	105.727504730225	50.7717668215196	51.1799141728509	-
159	489.91015625	474.546875	105.869449615479	50.7964730803034	51.2486259717637	-
160	489.8046875	474.65234375	105.999691009521	50.7855375231368	51.3116724173019	-
161	471.4140625	493.04296875	106.181827545166	48.8787003697838	51.399839940841	83.0
162	471.875	492.58203125	106.304908752441	48.9264928048084	51.4594203276166	-
163	489.74609375	474.7109375	106.451309204102	50.7794622135998	51.5302889494568	-
164	471.42578125	493.03125	106.597629547119	48.8799154316912	51.6011187928026	-
165	490.0625	474.39453125	106.740383148193	50.8122688850997	51.6702220698494	-
166	490.0	474.45703125	106.863147735596	50.8057885549269	51.7296491892423	83.0
167	471.3984375	493.05859375	107.028884887695	48.8770802872406	51.8098782009962	-
168	471.6953125	492.76171875	107.166748046875	48.9078618555615	51.8766141432888	-
169	492.31640625	472.140625	107.342239379883	51.0459657919571	51.9615648983864	-
170	473.68359375	490.7734375	107.502010345459	49.1140173591845	52.0389058356039	-
171	491.91796875	472.5390625	107.639652252197	51.0046536871054	52.1055346753881	83.0
172	494.20703125	470.25	107.764671325684	51.241995779685	52.1660531324095	-
173	491.94140625	472.515625	107.902351379395	51.0070838109202	52.2327004381434	-
174	473.7109375	490.74609375	108.067218780518	49.1168525036351	52.3125084262437	-
175	473.515625	490.94140625	108.225330352783	49.096601471845	52.3890460946483	-
176	474.0546875	490.40234375	108.361923217773	49.1524943195856	52.4551671208152	83.0
177	492.1015625	472.35546875	108.482940673828	51.023689656988	52.5137484997108	-
178	473.875	490.58203125	108.692451477051	49.1338633703387	52.6151671887699	-
179	473.65625	490.80078125	108.817859649658	49.1111822147338	52.6758739984784	-
180	492.078125	472.37890625	108.943519592285	51.0212595331732	52.7367026834552	-
181	491.75390625	472.703125	109.119312286377	50.9876428204017	52.8217993195556	83.0
182	473.265625	491.19140625	109.277778625488	49.0706801511537	52.8985087212926	-
183	492.234375	472.22265625	109.384628295898	51.0374603586053	52.9502318464618	-
184	491.97265625	472.484375	109.545551300049	51.0103239760066	53.0281304553609	-
185	491.9296875	472.52734375	109.688171386719	51.0058687490128	53.0971691015837	-
186	473.43359375	491.0234375	109.854972839355	49.0880960384932	53.1779133133348	83.0
187	493.26171875	471.1953125	109.958011627197	51.143980785821	53.2277916901269	-
188	491.890625	472.56640625	110.122589111328	51.0018185426547	53.3074593370092	-
189	476.40234375	488.0546875	110.253826141357	49.3959117217022	53.3709877438353	-
190	473.48828125	490.96875	110.421684265137	49.0937663273944	53.4522434623936	-
191	473.8203125	490.63671875	110.53833770752	49.1281930814375	53.5087123366412	83.0
192	492.35546875	472.1015625	110.700702667236	51.0500159983151	53.5873089584397	-
193	492.53125	471.92578125	110.817432403564	51.0682419269262	53.6438147645868	-
194	491.859375	472.59765625	110.971309661865	50.9985783775683	53.7183027125723	-
195	492.1875	472.26953125	111.122970581055	51.0326001109757	53.7917177888791	-
196	492.76953125	471.6875	111.256008148193	51.0929481857101	53.8561177885319	83.0
197	492.6328125	471.82421875	111.426345825195	51.078772463457	53.9385737938222	-
198	473.76953125	490.6875	111.559356689453	49.1229278131721	54.0029608673102	-
199	492.05078125	472.40625	111.706211090088	51.0184243887226	54.0740492339521	-
200	474.01953125	490.4375	111.884853363037	49.1488491338634	54.1605252764967	-
201	492.67578125	471.78125	112.006362915039	51.0832276904508	54.2193448661438	83.0
202	474.28125	490.17578125	112.18185043335	49.1759855164621	54.3042937746464	-
203	492.6484375	471.80859375	112.314521789551	51.0803925460002	54.3685165011819	-
204	474.4375	490.01953125	112.475730895996	49.1921863418941	54.4465536047039	-
205	476.16015625	488.296875	112.590785980225	49.3708004422825	54.5022487556581	-
206	474.33984375	490.1171875	112.7707862854	49.1820608259991	54.5893821860128	83.0
207	474.12890625	490.328125	112.939025878906	49.1601897116658	54.6708225640684	-
208	474.44140625	490.015625	113.083698272705	49.1925913625299	54.7408546783862	-
209	474.40625	490.05078125	113.222640991211	49.1889461768077	54.8081132070559	-
210	492.859375	471.59765625	113.329948425293	51.1022636603335	54.8600579236218	-
211	492.68359375	471.7734375	113.519638061523	51.0840377317224	54.9518817052056	83.0
212	474.328125	490.12890625	113.666027069092	49.1808457640917	55.0227447872609	-
213	492.8125	471.64453125	113.77677154541	51.0974034127039	55.0763532858966	-
214	494.390625	470.06640625	113.942138671875	51.2610317495676	55.1564031779382	-
215	474.1328125	490.32421875	114.09578704834	49.1605947323016	55.2307803302255	-
216	474.3046875	490.15234375	114.215576171875	49.1784156402769	55.2887671055401	83.0
217	492.7578125	471.69921875	114.35977935791	51.0917331238027	55.3585720886764	-
218	474.46484375	489.9921875	114.507564544678	49.1950214863447	55.4301110244914	-
219	474.015625	490.44140625	114.669357299805	49.1484441132276	55.5084306570442	-
220	492.578125	471.87890625	114.805572509766	51.0731021745558	55.5743688703088	-
221	474.6953125	489.76171875	114.939987182617	49.218917703857	55.6394354907466	83.0
222	493.0703125	471.38671875	115.074417114258	51.1241347746668	55.7045094975642	-
223	490.609375	473.84765625	115.199424743652	50.8689717741119	55.7650224148007	-
224	474.3671875	490.08984375	115.363704681396	49.1848959704497	55.8445460272753	-
225	474.30859375	490.1484375	115.527919769287	49.1788206609127	55.9240382476353	-
226	474.3125	490.14453125	115.653774261475	49.1792256815485	55.9849611089556	83.0
227	474.28125	490.17578125	115.79761505127	49.1759855164621	56.0545906655695	-
228	492.7109375	471.74609375	115.929920196533	51.086872876173	56.1186361189877	-
229	492.8046875	471.65234375	116.088157653809	51.0965933714323	56.1952347250264	-
230	474.33203125	490.125	116.269104003906	49.1812507847275	56.2828261109342	-
231	474.3125	490.14453125	116.433662414551	49.1792256815485	56.3624845248417	83.0
232	474.35546875	490.1015625	116.554969787598	49.1836809085423	56.4212062449552	-
233	492.984375	471.47265625	116.721858978271	51.1152243206791	56.5019929283907	-
234	474.43359375	490.0234375	116.828884124756	49.1917813212583	56.5538009969286	-
235	492.99609375	471.4609375	116.993167877197	51.1164393825865	56.6333264559981	-
236	474.8046875	489.65234375	117.154048919678	49.2302582816595	56.7112047523525	83.0
237	492.6171875	471.83984375	117.299964904785	51.0771523809138	56.7818388566312	-
238	492.77734375	471.6796875	117.428974151611	51.0937582269817	56.8442888519935	-
239	492.9296875	471.52734375	117.573398590088	51.1095540317779	56.9142009376381	-
240	474.0	490.45703125	117.739345550537	49.1468240306844	56.9945315121155	-
241	493.01953125	471.4375	117.85799407959	51.1188695064014	57.0519661555335	83.0
242	493.15625	471.30078125	118.023624420166	51.1330452286544	57.1321434626282	-
243	474.42578125	490.03125	118.196598052979	49.1909712799867	57.2158754650442	-
244	474.640625	489.81640625	118.362335205078	49.2132474149558	57.2961044767981	-
245	495.37890625	469.078125	118.505176544189	51.3635019704254	57.3652502255293	-
246	492.96484375	471.4921875	118.653293609619	51.1131992175001	57.4369498151069	83.0
247	474.546875	489.91015625	118.799488067627	49.2035269196966	57.5077187208186	-
248	474.43359375	490.0234375	118.947910308838	49.1917813212583	57.579566037994	-
249	474.390625	490.06640625	119.110065460205	49.1873260942645	57.6580610970691	-
250	492.9375	471.51953125	119.231994628906	51.1103640730495	57.7170838121631	-
251	492.65625	471.80078125	119.374565124512	51.0812025872718	57.7860984526513	83.0
252	492.703125	471.75390625	119.500198364258	51.0860628349014	57.8469142114632	-
253	492.53125	471.92578125	119.646785736084	51.0682419269262	57.9178733164571	-
254	474.4609375	489.99609375	119.815673828125	49.1946164657089	57.9996276156579	-
255	474.43359375	490.0234375	119.974758148193	49.1917813212583	58.0766361657804	-
256	474.2890625	490.16796875	120.108383178711	49.1767955577337	58.141320541059	83.0
257	474.44140625	490.015625	120.265731811523	49.1925913625299	58.2174888904692	-
258	492.64453125	471.8125	120.395614624023	51.0799875253644	58.2803617560801	-
259	474.1484375	490.30859375	120.590274810791	49.1622148148448	58.3745916509126	-
260	492.78125	471.67578125	120.716331481934	51.0941632476175	58.4356123817664	-
261	492.5546875	471.90234375	120.854328155518	51.070672050741	58.502412954883	83.0
262	474.16015625	490.296875	121.031757354736	49.1634298767522	58.5883017802265	-
263	492.8046875	471.65234375	121.156467437744	51.0965933714323	58.6486706630552	-
264	474.3203125	490.13671875	121.316455841064	49.1800357228201	58.7261168561861	-
265	474.28125	490.17578125	121.475074768066	49.1759855164621	58.802900121722	-
266	474.3828125	490.07421875	121.607177734375	49.1865160529929	58.8668477056067	83.0
267	493.1640625	471.29296875	121.728294372559	51.133855269926	58.9254770959716	-
268	474.484375	489.97265625	121.887268066406	49.1970465895237	59.0024320948399	-
269	474.64453125	489.8125	122.025356292725	49.2136524355916	59.0692769862359	-
270	474.390625	490.06640625	122.194255828857	49.1873260942645	59.1510368252217	-
271	492.82421875	471.6328125	122.329963684082	51.0986184746113	59.216729441355	83.0
272	474.80078125	489.65625	122.466400146484	49.2298532610236	59.282774757128	-
273	492.72265625	471.734375	122.595962524414	51.0880879380804	59.3454925087612	-
274	474.546875	489.91015625	122.740020751953	49.2035269196966	59.4152273212885	-
275	492.66796875	471.7890625	122.880977630615	51.0824176491792	59.4834608521035	-
276	474.15234375	490.3046875	123.062671661377	49.1626198354806	59.5714141706258	83.0
277	474.61328125	489.84375	123.181427001953	49.2104122705052	59.628900518703	-
278	492.9453125	471.51171875	123.321327209473	51.1111741143211	59.6966225427107	-
279	492.77734375	471.6796875	123.454135894775	51.0937582269817	59.7609117466652	-
280	493.59375	470.86328125	123.587966918945	51.1784075398642	59.8256958380722	-
281	492.62109375	471.8359375	123.776336669922	51.0775574015496	59.9168806977957	83.0
282	474.56640625	489.890625	123.920330047607	49.2055520228756	59.9865841182085	-
283	493.06640625	471.390625	124.025798797607	51.123729754031	60.0376387759978	-
284	474.828125	489.62890625	124.203010559082	49.2326884054743	60.1234223454279	-
285	493.15625	471.30078125	124.349208831787	51.1330452286544	60.1941930977345	-
286	474.7109375	489.74609375	124.496318817139	49.2205377864002	60.2654051862395	83.0
287	474.578125	489.87890625	124.639457702637	49.206767084783	60.3346949693786	-
288	492.7890625	471.66796875	124.777496337891	51.0949732888891	60.4015158550399	-
289	493.2265625	471.23046875	124.918277740479	51.1403356000988	60.4696644424861	-
290	474.55078125	489.90625	125.072021484375	49.2039319403324	60.5440877596476	-
291	474.359375	490.09765625	125.261852264404	49.1840859291781	60.6359798652455	83.0
292	474.609375	489.84765625	125.394618988037	49.2100072498694	60.7002487566553	-
293	493.09375	471.36328125	125.564338684082	51.1265648984816	60.7824056135601	-
294	474.67578125	489.78125	125.751895904541	49.216892600678	60.8731971485545	-
295	474.8515625	489.60546875	125.875995635986	49.2351185292891	60.9332705761877	-
296	492.59375	471.86328125	126.03343963623	51.074722257099	61.0094850904722	83.0
297	474.578125	489.87890625	126.178070068359	49.206767084783	61.0794968922453	-
298	474.45703125	490.0	126.316967010498	49.1942114450731	61.1467332617753	-
299	474.17578125	490.28125	126.486785888672	49.1650499592954	61.2289381301494	-
300	474.5703125	489.88671875	126.633190155029	49.2059570435114	61.2998085985845	-
301	492.72265625	471.734375	126.766170501709	51.0880879380804	61.3641808993128	83.0
302	493.03125	471.42578125	126.902362823486	51.1200845683088	61.4301080330076	-
303	492.40234375	472.0546875	127.031463623047	51.0548762459447	61.4926023466492	-
304	492.85546875	471.6015625	127.205226898193	51.1018586396977	61.5767165942244	-
305	474.4453125	490.01171875	127.358299255371	49.1929963831657	61.6508149106709	-
306	474.4921875	489.96484375	127.524753570557	49.1978566307953	61.7313910822795	83.0
307	474.47265625	489.984375	127.672367095947	49.1958315276163	61.8028469213209	-
308	474.6875	489.76953125	127.8444480896	49.2181076625854	61.8861468205134	-
309	474.54296875	489.9140625	127.969329833984	49.2031218990608	61.9465988001158	-
310	493.05078125	471.40625	128.096309661865	51.1221096714878	62.0080664069529	-
311	492.78515625	471.671875	128.251354217529	51.0945682682533	62.083119413	83.0
312	474.4921875	489.96484375	128.427845001221	49.1978566307953	62.1685539759803	-
313	474.62109375	489.8359375	128.575904846191	49.2112223117768	62.2402258666333	-
314	474.609375	489.84765625	128.779750823975	49.2100072498694	62.3389023621587	-
315	492.5703125	471.88671875	128.911170959473	51.0722921332842	62.4025194055434	-
316	493.01171875	471.4453125	129.039981842041	51.1180594651297	62.4648733779671	83.0
317	492.83984375	471.6171875	129.176681518555	51.1002385571545	62.5310461087932	-
318	492.796875	471.66015625	129.337734222412	51.0957833301607	62.6090075019213	-
319	493.0	471.45703125	129.469390869141	51.1168444032223	62.6727390341943	-
320	492.78515625	471.671875	129.614406585693	51.0945682682533	62.7429373420596	-
321	492.65625	471.80078125	129.770977020264	51.0812025872718	62.8187289860955	83.0
322	492.90234375	471.5546875	129.92223739624	51.1067188873273	62.8919501699301	-
323	474.30078125	490.15625	130.100811004639	49.1780106196411	62.9783929737652	-
324	474.30078125	490.15625	130.241352081299	49.1780106196411	63.0464252257282	-
325	474.421875	490.03515625	130.398769378662	49.1905662593509	63.1226268138479	-
326	493.34375	471.11328125	130.495861053467	51.1524862191729	63.1696263490784	83.0
327	474.40234375	490.0546875	130.68920135498	49.1885411561719	63.2632173220506	-
328	474.578125	489.87890625	130.834941864014	49.206767084783	63.3337664829606	-
329	474.2421875	490.21484375	130.96068572998	49.171935310104	63.3946357930268	-
330	493.24609375	471.2109375	131.097927093506	51.1423607032778	63.4610707403389	-
331	494.7734375	469.68359375	131.277523040771	51.3007237718762	63.5480084316265	83.0
332	474.9765625	489.48046875	131.454429626465	49.2480791896347	63.6336442734588	-
333	474.265625	490.19140625	131.584167480469	49.1743654339189	63.6964469684607	-
334	492.62109375	471.8359375	131.702590942383	51.0775574015496	63.7537726627754	-
335	493.5078125	470.94921875	131.856941223145	51.1694970858765	63.8284895885375	-
336	492.60546875	471.8515625	132.025791168213	51.0759373190064	63.9102254217886	83.0
337	474.28125	490.17578125	132.151950836182	49.1759855164621	63.9712960107067	-
338	492.83984375	471.6171875	132.281890869141	51.1002385571545	64.0341965752422	-
339	492.87109375	471.5859375	132.429752349854	51.1034787222409	64.1057724429567	-
340	474.63671875	489.8203125	132.61653137207	49.21284239432	64.1961872725768	-
341	492.609375	471.84765625	132.731159210205	51.0763423396422	64.2516756048942	82.0
342	492.6796875	471.77734375	132.884952545166	51.0836327110866	64.3261229277904	-
343	474.23828125	490.21875	133.055313110352	49.1715302894683	64.4085900126505	-
344	474.18359375	490.2734375	133.179466247559	49.165860000567	64.4686892926132	-
345	474.36328125	490.09375	133.348052978516	49.1844909498139	64.5502977108113	-
346	474.375	490.08203125	133.483791351318	49.1857060117213	64.6160050997044	83.0
347	474.35546875	490.1015625	133.625793457031	49.1836809085423	64.6847445975417	-
348	474.33984375	490.1171875	133.750400543213	49.1820608259991	64.7450636223062	-
349	492.83984375	471.6171875	133.869869232178	51.1002385571545	64.8028952836432	-
350	492.640625	471.81640625	134.024589538574	51.0795825047286	64.8777913291176	-
351	493.37109375	471.0859375	134.156761169434	51.1553213636235	64.9417721517117	83.0
352	474.08984375	490.3671875	134.345138549805	49.1561395053078	65.0329607046252	-
353	492.4140625	472.04296875	134.461696624756	51.0560913078521	65.0893834139984	-
354	492.99609375	471.4609375	134.602233886719	51.1164393825865	65.1574138193665	-
355	474.421875	490.03515625	134.771301269531	49.1905662593509	65.239254908531	-
356	474.24609375	490.2109375	134.930290222168	49.1723403307398	65.3162172937792	83.0
357	492.68359375	471.7734375	135.076705932617	51.0840377317224	65.3870933019993	-
358	474.59765625	489.859375	135.203727722168	49.208792187962	65.4485812213811	-
359	474.44140625	490.015625	135.343837738037	49.1925913625299	65.5164048081123	-
360	492.86328125	471.59375	135.482803344727	51.1026686809693	65.5836744163518	-
361	493.30078125	471.15625	135.655212402344	51.1480309921791	65.6671331227119	83.0
362	474.43359375	490.0234375	135.819793701172	49.1917813212583	65.7468026161893	-
363	492.78125	471.67578125	135.94314956665	51.0941632476175	65.8065159578029	-
364	474.4921875	489.96484375	136.114280700684	49.1978566307953	65.8893560548473	-
365	474.2578125	490.19921875	136.267112731934	49.1735553926473	65.9633380358105	-
366	474.08984375	490.3671875	136.400096893311	49.1561395053078	66.0277121831338	83.0
367	474.2734375	490.18359375	136.529647827148	49.1751754751905	66.0904243949821	-
368	474.4921875	489.96484375	136.692035675049	49.1978566307953	66.1690320963504	-
369	474.53515625	489.921875	136.824645996094	49.2023118577892	66.2332252773664	-
370	492.76171875	471.6953125	136.954372406006	51.0921381444385	66.2960224325835	-
371	474.625	489.83203125	137.125839233398	49.2116273324126	66.3790250299855	82.0
372	492.83203125	471.625	137.249641418457	51.0994285158829	66.4389544232108	-
373	492.5703125	471.88671875	137.410354614258	51.0722921332842	66.5167514693864	-
374	493.078125	471.37890625	137.561874389648	51.1249448159384	66.5900982216792	-
375	474.2890625	490.16796875	137.716373443604	49.1767955577337	66.6648871646452	-
376	492.640625	471.81640625	137.840545654297	51.0795825047286	66.7249956775828	82.0
377	493.01171875	471.4453125	137.974948883057	51.1180594651297	66.7900567582357	-
378	492.62109375	471.8359375	138.159587860107	51.0775574015496	66.8794356480765	-
379	474.265625	490.19140625	138.32494354248	49.1743654339189	66.9594800003331	-
380	492.89453125	471.5625	138.467567443848	51.1059088460557	67.0285204931509	-
381	474.23828125	490.21875	138.622997283936	49.1715302894683	67.1037600052901	82.0
382	492.69921875	471.7578125	138.752170562744	51.0856578142656	67.1662894042362	-
383	474.6484375	489.80859375	138.894557952881	49.2140574562274	67.2352154081657	-
384	474.8125	489.64453125	139.046977996826	49.2310683229311	67.3089979568719	-
385	493.359375	471.09765625	139.164981842041	51.1541063017161	67.3661205257396	-
386	496.109375	468.34765625	139.310928344727	51.4392408293203	67.4367694027781	82.0
387	494.23828125	470.21875	139.455623626709	51.2452359447714	67.5068125966658	-
388	492.93359375	471.5234375	139.602703094482	51.1099590524137	67.578009912411	-
389	474.859375	489.59765625	139.765033721924	49.2359285705607	67.6565899148548	-
390	474.484375	489.97265625	139.90926361084	49.1970465895237	67.7264078241559	-
391	474.49609375	489.9609375	140.042869567871	49.1982616514311	67.7910829664595	82.0
392	474.78515625	489.671875	140.17992401123	49.2282331784804	67.857427430618	-
393	492.69921875	471.7578125	140.334217071533	51.0856578142656	67.9321166574555	-
394	493.80859375	470.6484375	140.481830596924	51.2006836748332	68.0035724964969	-
395	494.734375	469.72265625	140.594005584717	51.2966735655182	68.0578734682472	-
396	493.734375	470.72265625	140.78092956543	51.192988282753	68.1483584684762	82.0
397	510.453125	454.00390625	140.924365997314	52.926476603983	68.2177922860231	-
398	492.26953125	472.1875	141.06965637207	51.0411055443275	68.2881235487264	-
399	510.39453125	454.0625	141.213806152344	52.920401294446	68.357902679533	-
400	510.6875	453.76953125	141.348392486572	52.9507778421311	68.4230523967446	-
401	492.22265625	472.234375	141.505218505859	51.0362452966979	68.4989677626436	82.0
402	510.2421875	454.21484375	141.624454498291	52.9046054896497	68.5566867816872	-
403	510.34765625	454.109375	141.771980285645	52.9155410468163	68.6281001490442	-
404	510.16015625	454.296875	141.936798095703	52.8961000562979	68.7078841314098	-
405	492.34375	472.11328125	142.090763092041	51.0488009364077	68.7824145510797	-
406	510.16015625	454.296875	142.238552093506	52.8961000562979	68.8539553334898	82.0
407	510.546875	453.91015625	142.355690002441	52.9361970992422	68.9106587252988	-
408	492.2734375	472.18359375	142.517753601074	51.0415105649633	68.9891094660945	-
409	510.421875	454.03515625	142.634330749512	52.9232364388966	69.0455414084427	-
410	492.203125	472.25390625	142.816898345947	51.0342201935189	69.1339175972136	-
411	510.19921875	454.2578125	142.969573974609	52.9001502626559	69.2078238677829	82.0
412	492.03125	472.42578125	143.135818481445	51.0163992855436	69.2882984766681	-
413	510.67578125	453.78125	143.270763397217	52.9495627802237	69.353621773807	-
414	510.5	453.95703125	143.418029785156	52.9313368516126	69.4249095727059	-
415	510.5	453.95703125	143.586891174316	52.9313368516126	69.5066509457419	-
416	510.6796875	453.77734375	143.740776062012	52.9499678008595	69.5811425869174	83.0
417	506.546875	457.91015625	143.889232635498	52.5214559681816	69.6530065234476	-
418	512.04296875	452.4140625	144.045734405518	53.0913200027541	69.728764928774	-
419	493.71875	470.73828125	144.191204071045	51.1913682002098	69.799182981441	-
420	512.0859375	452.37109375	144.3039894104	53.095775229748	69.8537794083868	-
421	493.9296875	470.52734375	144.485534667969	51.2132393145431	69.9416607097052	82.0
422	512.1484375	452.30859375	144.617580413818	53.1022555599208	70.0055805946653	-
423	493.44921875	471.0078125	144.775394439697	51.1634217763395	70.081974228662	-
424	494.03125	470.42578125	144.940715789795	51.2237698510739	70.162001961564	-
425	494.05859375	470.3984375	145.074169158936	51.2266049955245	70.2266032400688	-
426	512.9296875	451.52734375	145.191902160645	53.1832596870811	70.2835947006935	83.0
427	512.33984375	452.1171875	145.340335845947	53.122101571075	70.3554475576538	-
428	512.84375	451.61328125	145.522048950195	53.1743492330934	70.4434101091509	-
429	512.4609375	451.99609375	145.658535003662	53.1346572107849	70.5094794306586	-
430	511.8984375	452.55859375	145.840370178223	53.0763342392295	70.5975010731948	-
431	493.5703125	470.88671875	145.999656677246	51.1759774160493	70.6746074928509	82.0
432	493.77734375	470.6796875	146.157108306885	51.1974435097468	70.7508257003253	-
433	493.74609375	470.7109375	146.326679229736	51.1942033446604	70.8329105400262	-
434	511.94140625	452.515625	146.460163116455	53.0807894662233	70.8975265912908	-
435	511.83203125	452.625	146.626914978027	53.0694488884209	70.9782467973072	-
436	493.88671875	470.5703125	146.795680999756	51.2087840875493	71.059942005469	82.0
437	512.2421875	452.21484375	146.928436279297	53.11197605518	71.1242053570939	-
438	493.8828125	470.57421875	147.096267700195	51.2083790669135	71.2054481494875	-
439	493.69921875	470.7578125	147.244316101074	51.1893430970308	71.2771145003556	-
440	494.046875	470.41015625	147.383773803711	51.2253899336171	71.3446223193466	-
441	512.109375	452.34765625	147.531856536865	53.0982053535628	71.4163052895695	82.0
442	493.9296875	470.52734375	147.671882629395	51.2132393145431	71.4840882512112	-
443	511.68359375	452.7734375	147.840133666992	53.0540581042604	71.5655341690517	-
444	511.98046875	452.4765625	148.01416015625	53.0848396725813	71.6497758316801	-
445	512.43359375	452.0234375	148.127868652344	53.1318220663343	71.7048191346092	-
446	494.05078125	470.40625	148.304119110107	51.2257949542529	71.7901373621062	83.0
447	512.03515625	452.421875	148.435443878174	53.0905099614825	71.8537082406166	-
448	512.08203125	452.375	148.615291595459	53.0953702091122	71.9407678071723	-
449	512.25390625	452.203125	148.770801544189	53.1131911170874	72.016046097806	-
450	493.8203125	470.63671875	148.953617095947	51.2018987367406	72.1045423152501	-
451	493.9609375	470.49609375	149.120273590088	51.2164794796295	72.1852163563922	82.0
452	512.1640625	452.29296875	149.259250640869	53.103875642464	72.2524915044167	-
453	512.08984375	452.3671875	149.398662567139	53.0961802503838	72.3199771642679	-
454	512.08203125	452.375	149.520153045654	53.0953702091122	72.3787875209402	-
455	493.5703125	470.88671875	149.704750061035	51.1759774160493	72.4681460982362	-
456	493.97265625	470.484375	149.842906951904	51.2176945415369	72.5350242283417	82.0
457	493.56640625	470.890625	150.014114379883	51.1755723954135	72.6179012572856	-
458	512.05078125	452.40625	150.1350440979	53.0921300440257	72.6764401644969	-
459	512.30859375	452.1484375	150.303600311279	53.1188614059886	72.7580338099352	-
460	493.61328125	470.84375	150.452217102051	51.1804326430432	72.8299753034542	-
461	512.06640625	452.390625	150.600650787354	53.0937501265689	72.9018281604145	83.0
462	493.62890625	470.828125	150.773330688477	51.1820527255864	72.9854179750177	-
463	512.10546875	452.3515625	150.891929626465	53.097800332927	73.042828612701	-
464	512.203125	452.25390625	151.037693023682	53.107925848822	73.1133888531809	-
465	493.6953125	470.76171875	151.198516845703	51.188938076395	73.1912394506107	-
466	511.94140625	452.515625	151.340438842773	53.0807894662233	73.2599401699536	82.0
467	494.12890625	470.328125	151.477226257324	51.2338953669689	73.326155372464	-
468	493.625	470.83203125	151.620727539062	51.1816477049506	73.3956205821254	-
469	493.5625	470.89453125	151.76037979126	51.1751673747777	73.4632225774599	-
470	493.25	471.20703125	151.935596466064	51.1427657239136	73.5480403777195	-
471	493.99609375	470.4609375	152.045692443848	51.2201246653517	73.60133495521	82.0
472	493.8203125	470.63671875	152.21142578125	51.2018987367406	73.6815621203689	-
473	493.68359375	470.7734375	152.359222412109	51.1877230144876	73.7531065959689	-
474	493.96484375	470.4921875	152.527755737305	51.2168845002653	73.8346891618374	-
475	512.0390625	452.41796875	152.679431915283	53.0909149821183	73.908111624524	-
476	512.43359375	452.0234375	152.833000183105	53.1318220663343	73.9824499983168	82.0
477	493.578125	470.87890625	153.02172088623	51.1767874573209	74.0738047447778	-
478	493.86328125	470.59375	153.159427642822	51.2063539637345	74.1404649766765	-
479	511.9453125	452.51171875	153.28736114502	53.0811944868591	74.2023942322566	-
480	512.2421875	452.21484375	153.446022033691	53.11197605518	74.2791978103372	-
481	511.9375	452.51953125	153.61674118042	53.0803844455875	74.3618384751247	82.0
482	511.79296875	452.6640625	153.787483215332	53.0653986820628	74.444490219482	-
483	513.59765625	450.859375	153.918224334717	53.2525182158031	74.5077785689617	-
484	493.8359375	470.62109375	154.099311828613	51.2035188192838	74.5954382788834	-
485	493.84375	470.61328125	154.245010375977	51.2043288605554	74.6659671272487	-
486	512.0625	452.39453125	154.353309631348	53.0933451059331	74.7183919585073	82.0
487	512.546875	451.91015625	154.502265930176	53.1435676647725	74.7904977989788	-
488	493.61328125	470.84375	154.690704345703	51.1804326430432	74.8817158974118	-
489	493.6015625	470.85546875	154.874584197998	51.1792175811358	74.9707273148531	-
490	493.94921875	470.5078125	155.040832519531	51.2152644177221	75.0512037703333	-
491	512.484375	451.97265625	155.167083740234	53.1370873345997	75.1123186775307	82.0
492	494.390625	470.06640625	155.334274291992	51.2610317495676	75.193251241969	-
493	494.0859375	470.37109375	155.478973388672	51.2294401399751	75.2632962824516	-
494	512.10546875	452.3515625	155.607086181641	53.097800332927	75.3253123279954	-
495	512.33984375	452.1171875	155.748481750488	53.122101571075	75.3937582172322	-
496	512.125	452.33203125	155.9169921875	53.099825436106	75.4753297035308	82.0
497	493.49609375	470.9609375	156.128810882568	51.1682820239691	75.577865582548	-
498	493.62890625	470.828125	156.294368743896	51.1820527255864	75.6580078043382	-
499	493.5	470.95703125	156.458984375	51.1686870446049	75.7376939171703	-
500	493.75	470.70703125	156.589622497559	51.1946083652962	75.8009324085857	-
501	493.75390625	470.703125	156.745712280273	51.195013385932	75.876491381655	82.0
502	512.02734375	452.4296875	156.881782531738	53.0896999202109	75.9423594243107	-
503	512.09375	452.36328125	157.003406524658	53.0965852710196	76.001234411807	-
504	493.7265625	470.73046875	157.224704742432	51.1921782414814	76.1083590793298	-
505	512.03125	452.42578125	157.337554931641	53.0901049408467	76.1629868983902	-
506	493.85546875	470.6015625	157.531978607178	51.2055439224629	76.2571023043345	82.0
507	512.00390625	452.453125	157.657028198242	53.0872697963961	76.3176355341157	-
508	493.83984375	470.6171875	157.808864593506	51.2039238399196	76.3911355537912	-
509	493.6015625	470.85546875	157.994636535645	51.1792175811358	76.4810628823386	-
510	493.9296875	470.52734375	158.139175415039	51.2132393145431	76.5510303658324	-
511	512.140625	452.31640625	158.279693603516	53.1014455186492	76.6190515382256	83.0
512	493.625	470.83203125	158.454235076904	51.1816477049506	76.7035424911752	-
513	512.1953125	452.26171875	158.565773010254	53.1071158075504	76.7575350815651	-
514	512.18359375	452.2734375	158.714004516602	53.105900745643	76.8292900689919	-
515	512.078125	452.37890625	158.85986328125	53.0949651884764	76.8998964743461	-
516	493.4765625	470.98046875	159.021778106689	51.1662569207901	76.9782751979379	82.0
517	493.6953125	470.76171875	159.168571472168	51.188938076395	77.0493340190602	-
518	512.9609375	451.49609375	159.303016662598	53.1864998521675	77.1144154122578	-
519	493.609375	470.84765625	159.444366455078	51.1800276224074	77.1828391423549	-
520	494.0546875	470.40234375	159.600254058838	51.2261999748887	77.2583002458907	-
521	512.1171875	452.33984375	159.725357055664	53.0990153948344	77.3188593280016	82.0
522	494.1171875	470.33984375	159.902408599854	51.2326803050615	77.4045653404428	-
523	512.20703125	452.25	160.035930633545	53.1083308694578	77.4691998576571	-
524	493.94921875	470.5078125	160.1982421875	51.2152644177221	77.547770627126	-
525	511.98046875	452.4765625	160.322742462158	53.0848396725813	77.6080379472312	-
526	512.140625	452.31640625	160.446411132812	53.1014455186492	77.6679027096325	83.0
527	512.1953125	452.26171875	160.601348876953	53.1071158075504	77.7429040110203	-
528	494.07421875	470.3828125	160.734668731689	51.2282250780677	77.8074406587011	-
529	512.3203125	452.13671875	160.878025054932	53.120076467896	77.8768356977535	-
530	512.09375	452.36328125	161.019248962402	53.0965852710196	77.9451984902166	-
531	493.890625	470.56640625	161.200672149658	51.2091891081851	78.0330207004958	82.0
532	493.68359375	470.7734375	161.34691619873	51.1877230144876	78.1038136119422	-
533	512.7578125	451.69921875	161.468097686768	53.1654387791058	78.1624743944217	-
534	512.3515625	452.10546875	161.591594696045	53.1233166329825	78.2222560600492	-
535	493.76953125	470.6875	161.7727394104	51.1966334684752	78.3099434688955	-
536	512.375	452.08203125	161.897720336914	53.1257467567973	78.3704434599672	83.0
537	512.109375	452.34765625	162.053688049316	53.0982053535628	78.4459433419975	-
538	493.72265625	470.734375	162.28636932373	51.1917732208456	78.5585782489172	-
539	493.71875	470.73828125	162.466442108154	51.1913682002098	78.6457467645763	-
540	493.79296875	470.6640625	162.655628204346	51.19906359229	78.7373267956239	-
541	493.90625	470.55078125	162.861270904541	51.2108091907283	78.8368730373812	82.0
542	512.390625	452.06640625	163.016860961914	53.1273668393405	78.9121901065092	-
543	512.23828125	452.21875	163.212867736816	53.1115710345442	79.0070718493669	-
544	512.48046875	451.9765625	163.416572570801	53.1366823139639	79.1056800208783	-
545	494.19921875	470.2578125	163.584121704102	51.2411857384134	79.186786165244	-
546	494.25	470.20703125	163.725910186768	51.2464510066788	79.2554222537629	82.0
547	512.34765625	452.109375	163.897666931152	53.1229116123466	79.3385651923828	-
548	512.671875	451.78515625	164.102226257324	53.1565283251182	79.437587001168	-
549	512.57421875	451.8828125	164.254390716553	53.1464028092231	79.5112458280111	-
550	512.359375	452.09765625	164.429870605469	53.1241266742541	79.5961910433238	-
551	512.4296875	452.02734375	164.646869659424	53.1314170456985	79.7012345983131	82.0
552	494.1484375	470.30859375	164.927730560303	51.235920470148	79.8371919997307	-
553	494.56640625	469.890625	165.195487976074	51.2792576781787	79.9668063474191	-
554	512.578125	451.87890625	165.333137512207	53.1468078298589	80.0334388803932	-
555	320.2578125	644.19921875	165.510852813721	33.2060218468131	80.1194662003596	-
556	319.859375	644.59765625	165.510852813721	33.1647097419614	80.1194662003596	12.0
557	319.98046875	644.4765625	165.510852813721	33.1772653816712	80.1194662003596	-
558	301.8984375	662.55859375	165.510856628418	31.3024248585465	80.1194680469546	-
559	301.46484375	662.9921875	165.510856628418	31.2574675679726	80.1194680469546	-
560	319.69921875	644.7578125	165.510856628418	33.1481038958935	80.1194680469546	-
561	319.765625	644.69140625	165.510860443115	33.1549892467021	80.1194698935495	12.0
562	319.8984375	644.55859375	165.510860443115	33.1687599483194	80.1194698935495	-
563	318.3984375	646.05859375	165.510860443115	33.0132320241716	80.1194698935495	-
564	300.234375	664.22265625	165.510864257812	31.1298860676951	80.1194717401445	-
565	318.46875	645.98828125	165.510864257812	33.0205223956161	80.1194717401445	-
566	318.609375	645.84765625	165.51086807251	33.0351031385049	80.1194735867395	20.0
567	198.3828125	766.07421875	165.510860443115	20.5693780098096	80.1194698935495	-
568	198.7578125	765.69921875	165.510864257812	20.6082599908465	80.1194717401445	-
569	198.4609375	765.99609375	165.510864257812	20.5774784225256	80.1194717401445	-
570	200.9453125	763.51171875	165.510864257812	20.8350715468953	80.1194717401445	-
571	198.55859375	765.8984375	165.51086807251	20.5876039384207	80.1194735867395	25.0
572	198.15625	766.30078125	165.51086807251	20.5458868129331	80.1194735867395	-
573	198.421875	766.03515625	165.51086807251	20.5734282161676	80.1194735867395	-
574	217.21875	747.23828125	165.510871887207	22.5223875156439	80.1194754333344	-
575	280.20703125	684.25	165.510875701904	29.0533452679414	80.1194772799294	-
576	264.80078125	699.65625	165.510879516602	27.4559438803407	80.1194791265244	76.0
577	286.8671875	677.58984375	165.510879516602	29.7439054519828	80.1194791265244	-
578	291.47265625	672.984375	165.510879516602	30.2214247815926	80.1194791265244	-
579	276.83203125	687.625	165.510883331299	28.703407438609	80.1194809731194	-
580	299.08984375	665.3671875	165.510883331299	31.0112150214053	80.1194809731194	-
581	302.79296875	661.6640625	165.510883331299	31.3951745841451	80.1194809731194	75.0
582	303.2890625	661.16796875	165.510887145996	31.4466122048918	80.1194828197143	-
