interval	"perl /usr/local/bin/ensembl-vep/vep"	"perl /usr/local/bin/vcf-validator /var/lib/cwl/stg359e46e5-cd14-4947-a85a-523f747221b6/combined.vep.vcf.gz"	"bgzip combined.vep.vcf"	"bgzip split.vcf"	"gzip -d"	"tabix -p"	"bcftools norm --multiallelics - -o split_tmp.vcf -O v /var/lib/cwl/stg38ce4f21-f938-4b34-b45e-f7e1b150d0b5/GAPFIBRQ2LGC.vcf.gz"	"python -c"	"tabix -h"	"grep -v"	"gzip -dc"	"md5sum /data1/out/combined.vep.vcf.gz /data1/out/combined.vep.vcf.gz.tbi /data1/out/integrity_check /data1/out/VQswU8eaDfK5.log /data1/out/VQswU8eaDfK5.log.json /data1/out/VQswU8eaDfK5.top /data1/out/VQswU8eaDfK5.top_latest"	"[perl]"	"tar -xzf /var/lib/cwl/stgbce41776-306b-467b-85a4-7a88c32a78e8/GAPFIPK4VGWV.vep.tar.gz"	"[gzip] <defunct>"	"perl /usr/bin/parallel --halt 2 --jobs 72 tabix -h /var/lib/cwl/stgb25f6e99-b152-46ae-9ae3-ab6f94f27da5/split.vcf.gz {} > {}.sharded.vcf; if [[ -e {}.sharded.vcf ]]; then if grep -q -v '^#' {}.sharded.vcf; then vep -i {}.sharded.vcf -o VCFS/{}.vep.vcf --hgvs --fasta /var/lib/cwl/stg927c201d-2153-4a3a-a23f-eed1ef10cf71/GAPFIXRDPDK5.fa --assembly GRCh38 --use_given_ref --offline --cache_version 101 --dir_cache . --everything --force_over+"
1	6899.300000000007	0	0	0	0	0	0	0	0	0	0	0	0	0	0	0
2	6752.100000000004	0	0	0	0	0	0	0	0	0	0	0	0	0	0	0
3	7162.6	0	0	0	0	0	0	0	0	0	0	0	0	0	0	0
4	6975.800000000009	0	0	0	0	0	0	0	0	0	0	0	0	0	0	0
5	7187.6	0	0	0	0	0	0	0	0	0	0	0	0	0	0	0
6	7162.6	0	0	0	0	0	0	0	0	0	0	0	0	0	0	0
7	6958.1000000000095	0	0	0	0	0	0	0	0	0	0	0	0	0	0	0
8	6646.400000000005	0	0	0	0	0	0	0	0	0	0	0	0	0	0	5.9
9	6922.800000000009	0	0	0	0	0	0	0	0	0	0	0	0	0	0	0
10	7187.6	0	0	0	0	0	0	0	0	0	0	0	0	0	0	0
11	6987.5	0	0	0	0	0	0	0	0	0	12.5	0	0	0	0	0
12	6940.500000000009	0	0	0	0	0	0	0	0	0	0	0	0	0	0	0
13	6799.300000000009	0	0	0	0	0	0	0	94.1	0	0	0	0	0	0	0
14	7150.200000000001	0	0	0	0	0	0	0	0	0	0	0	0	0	0	0
15	7062.6	0	0	0	0	0	0	0	0	0	0	0	0	0	0	0
16	7043.8	0	0	0	0	0	0	0	0	0	0	0	0	0	0	0
17	6887.700000000008	0	0	0	0	0	0	0	0	0	0	0	0	0	0	0
18	7181.400000000001	0	0	0	0	0	0	0	0	0	0	0	0	0	0	0
19	6850.1	0	0	0	0	0	0	0	0	0	0	0	0	0	0	0
20	6928.700000000009	0	0	0	0	0	0	0	0	0	0	0	0	0	0	0
21	6981.80000000001	0	0	0	0	0	0	0	0	0	0	0	0	0	0	0
22	6862.700000000001	0	0	0	0	0	0	0	0	0	0	0	0	0	0	0
23	7143.8	0	0	0	0	0	0	0	0	0	0	0	0	0	0	0
24	6970.000000000009	0	0	0	0	0	0	0	0	0	0	0	0	0	0	0
25	6847.0000000000055	0	0	0	0	0	0	0	0	0	0	0	0	0	0	0
26	7181.3	0	0	0	0	0	0	0	0	0	0	0	0	0	0	0
27	6975.900000000009	0	0	0	0	0	0	0	0	0	0	0	0	0	0	0
28	7000.200000000001	0	0	0	0	0	0	0	0	0	0	0	0	0	0	0
29	7193.8	0	0	0	0	0	0	0	0	0	0	0	0	0	0	0
30	7175.0	0	0	0	0	0	0	0	0	0	18.8	0	0	0	0	0
31	6352.899999999996	0	0	0	0	0	0	0	0	0	0	0	0	0	0	0
32	6993.6000000000095	0	0	0	0	0	0	0	0	0	0	0	0	0	0	0
33	6822.900000000008	0	0	0	0	0	0	0	0	0	0	0	29.4	0	0	0
34	6781.500000000006	0	0	0	0	0	0	0	0	0	0	0	0	0	0	0
35	7112.4	0	0	0	0	0	0	0	0	0	0	0	0	0	0	0
36	7156.400000000001	0	0	0	0	0	0	0	0	0	0	0	0	0	0	0
37	7031.400000000001	0	0	0	0	0	0	0	0	0	0	0	0	0	0	0
38	7187.6	0	0	0	0	0	0	0	0	0	0	0	0	0	0	0
39	7187.6	0	0	0	0	0	0	0	0	0	0	0	0	0	0	0
40	6993.500000000009	0	0	0	0	0	0	0	0	0	0	0	0	0	0	0
41	6758.300000000007	0	0	0	0	0	0	0	0	0	0	0	0	0	0	0
42	7143.8	0	0	0	0	0	0	0	0	0	0	0	0	0	0	0
43	6917.000000000009	0	0	0	0	0	0	0	0	0	0	0	0	0	0	0
44	7156.400000000001	0	0	0	0	0	0	0	0	0	25.0	0	0	0	0	0
45	7131.400000000001	0	0	0	0	0	0	0	0	0	0	0	0	0	0	0
46	7187.6	0	0	0	0	0	0	0	0	0	0	0	0	0	0	0
47	6746.300000000006	0	0	0	0	0	0	0	0	0	0	0	0	0	0	0
48	6934.500000000008	0	0	0	0	0	0	0	0	0	0	0	0	0	0	0
49	6922.700000000008	0	0	0	0	0	0	0	0	0	0	0	0	0	0	0
50	7175.200000000001	0	0	0	0	0	0	0	0	0	0	0	0	0	0	0
51	7006.2	0	0	0	0	0	0	0	100.0	0	0	0	0	0	0	0
52	7043.900000000001	0	0	0	0	0	0	0	0	0	0	0	0	0	0	0
53	6981.70000000001	0	0	0	0	0	0	0	0	0	0	0	0	0	0	0
54	6981.800000000009	0	0	0	0	0	0	0	0	0	0	0	0	0	0	0
55	6858.700000000006	0	0	0	0	0	0	0	0	0	0	0	0	0	0	0
56	7118.900000000001	0	0	0	0	0	0	0	0	0	0	0	0	0	0	0
57	6940.60000000001	0	0	0	0	0	0	0	0	0	0	0	0	0	0	0
58	6946.40000000001	0	0	0	0	0	0	0	0	0	0	0	0	0	0	0
59	7112.5	0	0	0	0	0	0	0	0	0	0	0	0	0	0	0
60	7187.6	0	0	0	0	0	0	0	0	0	0	0	0	0	0	0
61	6946.40000000001	0	0	0	0	0	0	0	0	0	0	0	0	0	0	0
62	7193.8	0	0	0	0	0	0	0	0	0	0	0	0	0	0	0
63	7087.6	0	0	0	0	0	0	0	0	0	0	0	0	0	0	0
64	6805.300000000005	0	0	0	0	0	0	0	0	0	0	0	0	0	17.6	0
65	6958.10000000001	0	0	0	0	0	0	0	0	0	0	0	0	0	0	0
66	6940.50000000001	0	0	0	0	0	0	0	0	0	0	0	0	0	0	0
67	6911.300000000006	0	0	0	0	0	0	0	0	0	0	0	0	0	0	0
68	6993.8	0	0	0	0	0	0	0	0	0	0	0	0	0	0	0
69	6922.700000000008	0	0	0	0	0	0	0	0	0	0	0	0	0	0	0
70	7031.2	0	0	0	0	0	0	0	0	0	0	0	0	0	0	0
71	6840.600000000009	0	0	0	0	0	0	0	0	0	23.5	0	0	0	0	0
72	6781.700000000008	0	0	0	0	0	0	0	0	0	0	0	0	0	0	0
73	6975.80000000001	0	0	0	0	0	0	0	0	0	0	0	0	0	0	0
74	6899.5000000000055	0	0	0	0	0	0	0	0	0	0	0	0	0	0	0
75	6828.800000000006	0	0	0	0	0	0	0	0	0	0	0	0	0	0	0
76	6970.00000000001	0	0	0	0	0	0	0	0	0	0	0	0	0	0	0
77	6952.200000000009	0	0	0	0	0	0	0	0	0	0	0	0	0	0	0
78	6981.3	0	0	0	0	0	0	0	0	0	0	0	0	0	0	0
79	7012.6	0	0	0	0	0	0	0	0	0	0	0	0	0	0	6.2
80	7193.8	0	0	0	0	0	0	0	0	0	0	0	0	0	0	0
81	6840.600000000008	0	0	0	0	0	0	0	94.1	0	0	0	0	0	0	0
82	7193.8	0	0	0	0	0	0	0	0	0	0	0	0	0	0	0
83	7011.800000000002	0	0	0	0	0	0	0	0	0	0	0	0	0	0	0
84	6999.700000000007	0	0	0	0	0	0	0	0	0	0	0	0	0	0	0
85	7093.8	0	0	0	0	0	0	0	0	0	0	0	0	0	0	0
86	7018.7	0	0	0	0	0	0	0	0	0	0	0	0	0	0	0
87	6899.3000000000075	0	0	0	0	0	0	0	0	0	0	0	0	0	0	0
88	7193.8	0	0	0	0	0	0	0	0	0	0	0	0	0	0	0
89	6964.00000000001	0	0	0	0	0	0	0	0	0	0	0	0	0	0	0
90	7019.100000000001	0	0	0	0	0	0	0	0	0	0	0	0	0	0	0
91	7181.400000000001	0	0	0	0	0	0	0	0	0	0	0	0	0	0	0
92	6793.300000000008	0	0	0	0	0	0	0	0	0	0	0	0	0	0	0
93	6846.500000000008	0	0	0	0	0	0	0	0	0	0	0	0	0	0	0
94	6870.000000000009	0	0	0	0	0	0	0	0	0	0	0	0	0	0	0
95	6923.100000000009	0	0	0	0	0	0	0	0	0	0	0	0	0	0	0
96	6981.70000000001	0	0	0	0	0	0	0	0	0	0	0	0	0	0	0
97	7150.1	0	0	0	0	0	0	0	0	0	0	0	0	0	0	0
98	7175.1	0	0	0	0	0	0	0	0	0	0	0	0	0	0	0
99	6781.700000000008	0	0	0	0	0	0	0	0	0	0	0	0	0	0	0
100	7193.8	0	0	0	0	0	0	0	0	0	0	0	0	0	0	0
101	7187.5	0	0	0	0	0	0	0	0	0	0	0	0	0	0	0
102	6940.500000000009	0	0	0	0	0	0	0	0	0	0	0	0	0	0	0
103	7181.400000000001	0	0	0	0	0	0	0	0	0	0	0	0	0	0	0
104	6931.600000000001	0	0	0	0	0	0	0	0	0	0	0	0	0	0	0
105	7025.0	0	0	0	0	0	0	0	0	0	0	0	0	0	0	0
106	6887.600000000009	0	0	0	0	0	0	0	0	0	0	0	0	0	0	0
107	7187.6	0	0	0	0	0	0	0	0	0	0	0	0	0	0	0
108	6752.200000000007	0	0	0	0	0	0	0	0	0	0	0	0	0	0	0
109	7137.6	0	0	0	0	0	0	0	0	0	0	0	0	0	0	0
110	6958.200000000008	0	0	0	0	0	0	0	0	0	0	0	0	0	0	0
111	7000.200000000001	0	0	0	0	0	0	0	0	0	0	0	0	0	0	0
112	7012.6	0	0	0	0	0	0	0	0	0	0	0	0	0	0	0
113	6940.40000000001	0	0	0	0	0	0	0	0	0	0	0	0	0	0	0
114	6928.90000000001	0	0	0	0	0	0	0	100.0	0	0	0	0	0	0	0
115	6911.100000000008	0	0	0	0	0	0	0	0	0	0	0	0	0	0	0
116	6928.800000000008	0	0	0	0	0	0	0	0	0	0	0	0	0	0	0
117	6781.900000000007	0	0	0	0	0	0	0	0	0	0	0	0	0	0	0
118	7187.6	0	0	0	0	0	0	0	0	0	0	0	0	0	0	0
119	7187.6	0	0	0	0	0	0	0	0	0	12.5	0	0	0	0	0
120	6962.4	0	0	0	0	0	0	0	0	0	0	0	0	0	0	0
121	7062.700000000001	0	0	0	0	0	0	0	0	0	0	0	0	0	0	0
122	6940.400000000009	0	0	0	0	0	0	0	0	0	0	0	0	0	0	0
123	6910.900000000009	0	0	0	0	0	0	0	0	0	0	0	0	0	0	0
124	6969.900000000011	0	0	0	0	0	0	0	0	0	0	0	0	0	0	0
125	6999.400000000011	0	0	0	0	0	0	0	0	0	0	0	0	0	0	0
126	6799.500000000008	0	0	0	0	0	0	0	0	0	0	0	0	0	0	0
127	6799.500000000008	0	0	0	0	0	0	0	64.7	0	0	0	0	0	0	0
128	6987.700000000001	0	0	0	0	0	0	0	0	0	0	0	0	0	0	0
129	7112.5	0	0	0	0	0	0	0	0	0	0	0	0	0	0	0
130	6987.60000000001	0	0	0	0	0	0	0	0	0	0	0	0	0	0	0
131	6993.50000000001	0	0	0	0	0	0	0	0	0	0	0	0	0	0	0
132	6905.30000000001	0	0	0	0	0	0	0	0	0	0	0	0	0	0	0
133	7093.900000000001	0	0	0	0	0	0	0	0	0	6.2	0	0	0	0	0
134	6916.900000000008	0	0	0	0	0	0	0	0	0	0	0	0	0	0	0
135	6911.000000000009	0	0	0	0	0	0	0	0	0	0	0	0	0	0	0
136	6811.100000000009	0	0	0	0	0	0	0	0	0	0	0	0	0	0	0
137	7018.900000000001	0	0	0	0	0	0	0	100.0	0	0	0	0	0	0	0
138	7050.0	0	0	0	0	0	0	0	0	0	0	0	0	0	0	0
139	6987.700000000001	0	0	0	0	0	0	0	0	0	0	0	0	0	0	0
140	7012.700000000001	0	0	0	0	0	0	0	0	0	0	0	0	0	0	0
141	7112.6	0	0	0	0	0	0	0	0	0	0	0	0	0	0	0
142	6940.400000000008	0	0	0	0	0	0	0	0	0	0	0	0	0	0	0
143	7162.6	0	0	0	0	0	0	0	0	0	0	0	0	0	0	0
144	7019.000000000001	0	0	0	0	0	0	0	0	0	0	0	0	0	0	0
145	6987.5	0	0	0	0	0	0	0	0	0	0	0	0	0	0	0
146	6934.500000000006	0	0	0	0	0	0	0	0	0	0	0	0	0	0	0
147	6946.400000000009	0	0	0	0	0	0	0	0	0	0	0	0	0	0	0
148	7193.8	0	0	0	0	0	0	0	0	0	0	0	0	0	0	0
149	6770.1000000000095	0	0	0	0	0	0	0	94.1	0	23.5	0	0	0	0	0
150	6911.100000000007	0	0	0	0	0	0	0	0	0	0	0	0	0	0	0
151	6888.000000000006	0	0	0	0	0	0	0	0	0	0	0	0	0	0	0
152	6829.000000000008	0	0	0	0	0	0	0	0	0	0	0	0	0	0	0
153	7143.900000000001	0	0	0	0	0	0	0	0	0	0	0	0	0	0	0
154	6746.300000000006	0	0	0	0	0	0	0	0	0	0	0	0	0	0	0
155	6922.900000000008	0	0	0	0	0	0	0	0	0	0	0	0	0	0	0
156	6823.200000000004	0	0	0	0	0	0	0	0	0	0	0	0	0	0	0
157	7162.5	0	0	0	0	0	0	0	0	0	0	0	0	0	0	0
158	6964.000000000009	0	0	0	0	0	0	0	0	0	0	0	0	0	0	0
159	7193.8	0	0	0	0	0	0	0	0	0	0	0	0	0	0	0
160	6922.800000000008	0	0	0	0	0	0	0	0	0	0	0	0	0	0	0
161	6846.300000000006	0	0	0	0	0	0	0	0	0	0	0	0	0	0	0
162	6952.200000000009	0	0	0	0	0	0	0	0	0	0	0	0	0	0	0
163	6905.100000000009	0	0	0	0	0	0	0	0	0	0	0	0	0	0	0
164	6843.8	0	0	0	0	0	0	0	0	0	0	0	0	0	0	0
165	7187.5	0	0	0	0	0	0	0	0	0	0	0	0	0	0	0
166	6946.400000000009	0	0	0	0	0	0	0	0	0	0	0	0	0	0	0
167	6893.3000000000075	0	0	0	0	0	0	0	0	0	0	0	0	0	0	0
168	7023.00000000001	0	0	0	0	0	0	0	0	0	0	0	0	0	0	0
169	6893.500000000009	0	0	0	0	0	0	0	0	0	0	0	29.4	0	0	0
170	6881.800000000009	0	0	0	0	0	0	0	0	0	0	0	0	0	0	0
171	6787.6	0	0	0	0	0	0	0	0	0	0	0	0	0	0	0
172	6446.800000000006	0	0	0	0	0	0	0	0	0	29.4	0	0	0	0	0
173	6587.6	0	0	0	0	0	0	0	0	0	0	0	0	0	0	0
174	6368.8	0	0	0	0	0	0	0	0	0	0	0	0	0	0	0
175	6281.2	0	0	0	0	0	0	0	0	0	0	0	0	0	0	0
176	5969.900000000005	0	0	0	0	0	0	0	0	0	0	0	0	0	0	0
177	5962.6	0	0	0	0	0	0	0	0	0	0	0	0	0	0	0
178	5428.600000000001	0	0	0	0	0	0	0	0	0	0	0	0	0	0	0
179	5093.8	0	0	0	0	0	0	0	0	0	0	0	0	0	0	0
180	4875.0	0	0	0	0	0	0	0	0	0	0	0	0	0	0	0
181	4662.800000000001	0	0	0	0	0	0	0	0	0	0	0	0	0	0	0
182	4069.000000000001	0	0	0	0	0	0	0	0	0	0	0	0	0	0	0
183	3456.6000000000013	0	0	0	0	0	0	0	0	0	0	0	0	0	0	0
184	3025.6000000000017	0	0	0	0	0	0	0	0	0	0	0	0	0	0	0
185	2844.000000000001	0	0	0	0	0	0	0	0	0	0	0	0	0	0	0
186	2613.2000000000007	0	0	0	0	0	0	0	0	0	0	0	0	0	0	0
187	2693.3	0	0	0	0	0	0	0	0	0	0	0	0	0	0	0
188	2594.6000000000004	0	0	0	0	0	0	0	0	0	0	0	0	0	0	0
189	2563.2999999999997	0	0	0	0	0	0	0	0	0	0	0	0	0	0	0
190	2480.0	0	0	0	0	0	0	0	0	0	0	0	0	0	0	0
191	2300.0	0	0	0	0	0	0	0	0	0	0	0	0	0	0	0
192	2194.4999999999995	0	0	0	0	0	0	0	0	0	0	0	0	0	0	0
193	1925.5999999999995	0	0	0	0	0	0	0	0	0	0	0	0	0	0	0
194	1913.1999999999994	0	0	0	0	0	0	0	0	0	0	0	0	0	0	0
195	1793.3	0	0	0	0	0	0	0	0	0	0	0	0	0	0	0
196	1600.0	0	0	0	0	0	0	0	0	0	0	0	0	0	0	0
197	1373.3	0	0	0	0	0	0	0	0	0	0	0	0	0	0	0
198	1250.3999999999996	0	0	0	0	0	0	0	0	0	0	0	0	0	0	0
199	1231.7999999999997	0	0	0	0	0	0	0	0	0	0	0	0	0	0	0
200	1300.0	0	0	0	0	0	0	0	0	0	0	0	0	0	0	0
201	1300.0	0	0	0	0	0	0	0	0	0	0	0	0	0	0	0
202	1200.0	0	0	0	0	0	0	0	0	0	0	0	0	0	0	0
203	1000.0	0	0	0	0	0	0	0	0	0	0	0	0	0	0	0
204	1000.0	0	0	0	0	0	0	0	0	0	0	0	0	0	0	0
205	956.5999999999998	0	0	0	0	0	0	0	0	0	0	0	0	0	0	0
206	1000.0	0	0	0	0	0	0	0	0	0	0	0	0	0	0	0
207	800.0	0	0	0	0	0	0	0	0	0	0	0	0	0	0	0
208	600.0	0	0	0	0	0	0	0	0	0	0	0	0	0	0	0
209	593.3	0	0	0	0	0	0	0	0	0	0	0	0	0	0	0
210	600.0	0	0	0	0	0	0	0	0	0	0	0	0	0	0	0
211	481.40000000000003	0	0	0	0	0	0	0	0	0	0	0	0	0	0	0
212	400.0	0	0	0	0	0	0	0	0	0	0	0	0	0	0	0
213	400.0	0	0	0	0	0	0	0	0	0	0	0	0	0	0	0
214	393.3	0	0	0	0	0	0	0	0	0	0	0	0	0	0	0
215	300.0	0	0	0	0	0	0	0	0	0	0	0	0	0	0	0
216	300.0	0	0	0	0	0	0	0	0	0	0	0	0	0	0	0
217	281.4	0	0	0	0	0	0	0	0	0	0	0	0	0	0	0
218	200.0	0	0	0	0	0	0	0	0	0	0	0	0	0	0	0
219	193.3	0	0	0	0	0	0	0	0	0	0	0	0	0	0	0
220	200.0	0	0	0	0	0	0	0	0	0	0	0	0	0	0	0
221	200.0	0	0	0	0	0	0	0	0	0	0	0	0	0	0	0
222	100.0	0	0	0	0	0	0	0	0	0	0	0	0	0	0	0
223	100.0	0	0	0	0	0	0	0	0	0	0	0	0	0	0	0
224	100.0	0	0	0	0	0	0	0	0	0	0	0	0	0	0	0
225	93.8	0	0	0	0	0	0	0	0	0	0	0	0	0	0	0
226	100.0	0	0	0	0	0	0	0	0	0	0	0	0	0	0	0
227	0	0	0	0	0	0	0	0	0	26.7	0	0	0	0	0	0
228	0	0	0	0	0	0	0	0	0	43.8	0	0	0	0	0	0
229	0	0	0	0	0	0	0	0	0	46.7	0	0	0	0	0	0
230	0	0	0	0	0	0	0	0	0	13.3	0	0	0	0	0	0
231	0	0	0	0	0	0	0	0	0	53.3	0	0	0	0	0	0
232	0	0	0	0	0	0	0	0	0	13.3	0	0	0	0	0	0
233	0	0	0	0	0	0	0	0	0	43.8	0	0	0	0	0	0
234	0	0	0	0	0	0	0	0	0	46.7	0	0	0	0	0	0
235	0	0	0	0	0	0	0	0	0	31.2	0	0	0	0	0	0
236	0	0	0	0	0	0	0	0	0	40.0	0	0	0	0	0	0
237	0	0	0	0	0	0	0	0	0	53.3	0	0	0	0	0	0
238	0	0	0	0	0	0	0	0	0	46.7	0	0	0	0	0	0
239	0	0	0	0	0	0	0	0	0	80.0	0	0	0	0	0	0
240	0	0	0	0	0	0	0	0	0	26.7	0	0	0	0	0	0
241	0	0	0	0	0	0	0	100.0	0	0	0	0	0	0	0	0
242	0	0	0	0	0	0	0	100.0	0	0	0	0	0	0	0	0
243	0	0	0	0	0	0	0	18.8	0	0	0	0	0	0	0	0
244	0	0	0	0	0	0	0	46.7	0	0	0	0	0	0	0	0
245	0	0	0	0	0	0	0	20.0	0	0	0	0	0	0	0	0
246	0	0	0	0	0	0	0	100.0	0	0	0	0	0	0	0	0
247	0	0	0	0	0	0	0	46.7	0	0	0	0	0	0	0	0
248	0	0	0	0	0	0	0	80.0	0	0	0	0	0	0	0	0
249	0	0	0	0	0	0	0	66.7	0	0	0	0	0	0	0	0
250	0	0	0	0	0	0	0	33.3	0	0	0	0	0	0	0	0
251	0	0	0	0	0	0	0	33.3	0	0	0	0	0	0	0	0
252	0	0	0	0	0	0	0	31.2	0	0	0	0	0	0	0	0
253	0	0	0	0	0	0	0	73.3	0	0	0	0	0	0	0	0
254	0	0	100.0	0	0	0	0	0	0	0	0	0	0	0	0	0
255	0	0	87.5	0	0	0	0	0	0	0	0	0	0	0	0	0
256	0	0	100.0	0	0	0	0	0	0	0	0	0	0	0	0	0
257	0	0	100.0	0	0	0	0	0	0	0	0	0	0	0	0	0
258	0	0	100.0	0	0	0	0	0	0	0	0	0	0	0	0	0
259	0	0	100.0	0	0	0	0	0	0	0	0	0	0	0	0	0
260	0	0	100.0	0	0	0	0	0	0	0	0	0	0	0	0	0
261	0	0	87.5	0	0	0	0	0	0	0	0	0	0	0	0	0
262	0	0	100.0	0	0	0	0	0	0	0	0	0	0	0	0	0
263	0	0	100.0	0	0	0	0	0	0	0	0	0	0	0	0	0
264	0	0	100.0	0	0	0	0	0	0	0	0	0	0	0	0	0
265	0	0	100.0	0	0	0	0	0	0	0	0	0	0	0	0	0
266	0	0	100.0	0	0	0	0	0	0	0	0	0	0	0	0	0
267	0	0	100.0	0	0	0	0	0	0	0	0	0	0	0	0	0
268	0	0	100.0	0	0	0	0	0	0	0	0	0	0	0	0	0
269	0	0	93.3	0	0	0	0	0	0	0	0	0	0	0	0	0
270	0	0	100.0	0	0	0	0	0	0	0	0	0	0	0	0	0
271	0	0	100.0	0	0	0	0	0	0	0	0	0	0	0	0	0
272	0	0	100.0	0	0	0	0	0	0	0	0	0	0	0	0	0
273	0	0	100.0	0	0	0	0	0	0	0	0	0	0	0	0	0
274	0	0	93.3	0	0	0	0	0	0	0	0	0	0	0	0	0
275	0	0	100.0	0	0	0	0	0	0	0	0	0	0	0	0	0
276	0	0	100.0	0	0	0	0	0	0	0	0	0	0	0	0	0
277	0	0	100.0	0	0	0	0	0	0	0	0	0	0	0	0	0
278	0	0	100.0	0	0	0	0	0	0	0	0	0	0	0	0	0
279	0	0	100.0	0	0	0	0	0	0	0	0	0	0	0	0	0
280	0	0	100.0	0	0	0	0	0	0	0	0	0	0	0	0	0
281	0	0	100.0	0	0	0	0	0	0	0	0	0	0	0	0	0
282	0	0	100.0	0	0	0	0	0	0	0	0	0	0	0	0	0
283	0	0	93.8	0	0	0	0	0	0	0	0	0	0	0	0	0
284	0	0	0	0	0	100.0	0	0	0	0	0	0	0	0	0	0
285	0	0	0	0	0	100.0	0	0	0	0	0	0	0	0	0	0
286	0	0	0	0	0	100.0	0	0	0	0	0	0	0	0	0	0
287	0	0	0	0	0	100.0	0	0	0	0	0	0	0	0	0	0
288	0	0	0	0	0	100.0	0	0	0	0	0	0	0	0	0	0
289	0	0	0	0	0	100.0	0	0	0	0	0	0	0	0	0	0
290	0	0	0	0	0	100.0	0	0	0	0	0	0	0	0	0	0
291	0	0	0	0	0	100.0	0	0	0	0	0	0	0	0	0	0
292	0	0	0	0	0	0	0	0	0	0	0	0	0	0	0	0
293	0	100.0	0	0	0	0	0	0	0	0	0	0	0	0	0	0
294	0	100.0	0	0	6.7	0	0	0	0	0	0	0	0	0	0	0
295	0	100.0	0	0	6.7	0	0	0	0	0	0	0	0	0	0	0
296	0	100.0	0	0	6.7	0	0	0	0	0	0	0	0	0	0	0
297	0	100.0	0	0	6.7	0	0	0	0	0	0	0	0	0	0	0
298	0	100.0	0	0	6.7	0	0	0	0	0	0	0	0	0	0	0
299	0	100.0	0	0	6.7	0	0	0	0	0	0	0	0	0	0	0
300	0	93.3	0	0	0	0	0	0	0	0	0	0	0	0	0	0
301	0	100.0	0	0	0	0	0	0	0	0	0	0	0	0	0	0
302	0	100.0	0	0	6.7	0	0	0	0	0	0	0	0	0	0	0
303	0	100.0	0	0	6.7	0	0	0	0	0	0	0	0	0	0	0
304	0	100.0	0	0	0	0	0	0	0	0	0	0	0	0	0	0
305	0	100.0	0	0	0	0	0	0	0	0	0	0	0	0	0	0
306	0	93.8	0	0	6.2	0	0	0	0	0	0	0	0	0	0	0
307	0	100.0	0	0	0	0	0	0	0	0	0	0	0	0	0	0
308	0	100.0	0	0	6.7	0	0	0	0	0	0	0	0	0	0	0
309	0	93.8	0	0	6.2	0	0	0	0	0	0	0	0	0	0	0
310	0	100.0	0	0	0	0	0	0	0	0	0	0	0	0	0	0
311	0	100.0	0	0	0	0	0	0	0	0	0	0	0	0	0	0
312	0	100.0	0	0	6.7	0	0	0	0	0	0	0	0	0	0	0
313	0	100.0	0	0	6.7	0	0	0	0	0	0	0	0	0	0	0
314	0	100.0	0	0	0	0	0	0	0	0	0	0	0	0	0	0
315	0	93.8	0	0	0	0	0	0	0	0	0	0	0	0	0	0
316	0	100.0	0	0	6.7	0	0	0	0	0	0	0	0	0	0	0
317	0	100.0	0	0	0	0	0	0	0	0	0	0	0	0	0	0
318	0	93.8	0	0	0	0	0	0	0	0	0	0	0	0	0	0
319	0	93.3	0	0	0	0	0	0	0	0	0	0	0	0	0	0
320	0	100.0	0	0	0	0	0	0	0	0	0	0	0	0	0	0
321	0	93.3	0	0	0	0	0	0	0	0	0	0	0	0	0	0
322	0	100.0	0	0	0	0	0	0	0	0	0	0	0	0	0	0
323	0	93.3	0	0	6.7	0	0	0	0	0	0	0	0	0	0	0
324	0	100.0	0	0	0	0	0	0	0	0	0	0	0	0	0	0
325	0	93.8	0	0	6.2	0	0	0	0	0	0	0	0	0	0	0
326	0	100.0	0	0	6.7	0	0	0	0	0	0	0	0	0	0	0
327	0	100.0	0	0	0	0	0	0	0	0	0	0	0	0	0	0
328	0	100.0	0	0	0	0	0	0	0	0	0	0	0	0	0	0
329	0	100.0	0	0	13.3	0	0	0	0	0	0	0	0	0	0	0
330	0	93.8	0	0	0	0	0	0	0	0	0	0	0	0	0	0
331	0	93.3	0	0	20.0	0	0	0	0	0	0	0	0	0	0	0
332	0	100.0	0	0	6.7	0	0	0	0	0	0	0	0	0	0	0
333	0	100.0	0	0	6.7	0	0	0	0	0	0	0	0	0	0	0
334	0	100.0	0	0	0	0	0	0	0	0	0	0	0	0	0	0
335	0	100.0	0	0	0	0	0	0	0	0	0	0	0	0	0	0
336	0	100.0	0	0	6.7	0	0	0	0	0	0	0	0	0	0	0
337	0	100.0	0	0	6.7	0	0	0	0	0	0	0	0	0	0	0
338	0	100.0	0	0	6.7	0	0	0	0	0	0	0	0	0	0	0
339	0	100.0	0	0	6.7	0	0	0	0	0	0	0	0	0	0	0
340	0	100.0	0	0	0	0	0	0	0	0	0	0	0	0	0	0
341	0	93.8	0	0	0	0	0	0	0	0	0	0	0	0	0	0
342	0	100.0	0	0	6.7	0	0	0	0	0	0	0	0	0	0	0
343	0	100.0	0	0	0	0	0	0	0	0	0	0	0	0	0	0
344	0	100.0	0	0	6.7	0	0	0	0	0	0	0	0	0	0	0
345	0	100.0	0	0	0	0	0	0	0	0	0	0	0	0	0	0
346	0	100.0	0	0	6.7	0	0	0	0	0	0	0	0	0	0	0
347	0	100.0	0	0	0	0	0	0	0	0	0	0	0	0	0	0
348	0	100.0	0	0	6.7	0	0	0	0	0	0	0	0	0	0	0
349	0	100.0	0	0	0	0	0	0	0	0	0	0	0	0	0	0
350	0	100.0	0	0	6.7	0	0	0	0	0	0	0	0	0	0	0
351	0	100.0	0	0	6.7	0	0	0	0	0	0	0	0	0	0	0
352	0	100.0	0	0	6.7	0	0	0	0	0	0	0	0	0	0	0
353	0	100.0	0	0	0	0	0	0	0	0	0	0	0	0	0	0
354	0	100.0	0	0	0	0	0	0	0	0	0	0	0	0	0	0
355	0	100.0	0	0	0	0	0	0	0	0	0	0	0	0	0	0
356	0	100.0	0	0	0	0	0	0	0	0	0	0	0	0	0	0
357	0	93.3	0	0	6.7	0	0	0	0	0	0	0	0	0	0	0
358	0	100.0	0	0	6.7	0	0	0	0	0	0	0	0	0	0	0
359	0	100.0	0	0	13.3	0	0	0	0	0	0	0	0	0	0	0
360	0	100.0	0	0	0	0	0	0	0	0	0	0	0	0	0	0
361	0	100.0	0	0	0	0	0	0	0	0	0	0	0	0	0	0
362	0	100.0	0	0	0	0	0	0	0	0	0	0	0	0	0	0
363	0	100.0	0	0	0	0	0	0	0	0	0	0	0	0	0	0
364	0	100.0	0	0	6.7	0	0	0	0	0	0	0	0	0	0	0
365	0	100.0	0	0	0	0	0	0	0	0	0	0	0	0	0	0
366	0	100.0	0	0	0	0	0	0	0	0	0	0	0	0	0	0
367	0	100.0	0	0	6.7	0	0	0	0	0	0	0	0	0	0	0
368	0	100.0	0	0	6.7	0	0	0	0	0	0	0	0	0	0	0
369	0	100.0	0	0	0	0	0	0	0	0	0	0	0	0	0	0
370	0	100.0	0	0	0	0	0	0	0	0	0	0	0	0	0	0
371	0	100.0	0	0	0	0	0	0	0	0	0	0	0	0	0	0
372	0	100.0	0	0	6.7	0	0	0	0	0	0	0	0	0	0	0
373	0	100.0	0	0	0	0	0	0	0	0	0	0	0	0	0	0
374	0	100.0	0	0	6.7	0	0	0	0	0	0	0	0	0	0	0
375	0	100.0	0	0	0	0	0	0	0	0	0	0	0	0	0	0
376	0	100.0	0	0	6.7	0	0	0	0	0	0	0	0	0	0	0
377	0	100.0	0	0	6.7	0	0	0	0	0	0	0	0	0	0	0
378	0	100.0	0	0	6.7	0	0	0	0	0	0	0	0	0	0	0
379	0	100.0	0	0	13.3	0	0	0	0	0	0	0	0	0	0	0
380	0	100.0	0	0	0	0	0	0	0	0	0	0	0	0	0	0
381	0	100.0	0	0	0	0	0	0	0	0	0	0	0	0	0	0
382	0	100.0	0	0	0	0	0	0	0	0	0	0	0	0	0	0
383	0	93.8	0	0	6.2	0	0	0	0	0	0	0	0	0	0	0
384	0	93.8	0	0	0	0	0	0	0	0	0	0	0	0	0	0
385	0	100.0	0	0	6.7	0	0	0	0	0	0	0	0	0	0	0
386	0	100.0	0	0	6.7	0	0	0	0	0	0	0	0	0	0	0
387	0	100.0	0	0	6.7	0	0	0	0	0	0	0	0	0	0	0
388	0	93.3	0	0	6.7	0	0	0	0	0	0	0	0	0	0	0
389	0	100.0	0	0	0	0	0	0	0	0	0	0	0	0	0	0
390	0	100.0	0	0	0	0	0	0	0	0	0	0	0	0	0	0
391	0	100.0	0	0	6.7	0	0	0	0	0	0	0	0	0	0	0
392	0	100.0	0	0	6.7	0	0	0	0	0	0	0	0	0	0	0
393	0	100.0	0	0	6.7	0	0	0	0	0	0	0	0	0	0	0
394	0	100.0	0	0	6.7	0	0	0	0	0	0	0	0	0	0	0
395	0	93.8	0	0	0	0	0	0	0	0	0	0	0	0	0	0
396	0	100.0	0	0	0	0	0	0	0	0	0	0	0	0	0	0
397	0	100.0	0	0	6.7	0	0	0	0	0	0	0	0	0	0	0
398	0	100.0	0	0	0	0	0	0	0	0	0	0	0	0	0	0
399	0	100.0	0	0	6.7	0	0	0	0	0	0	0	0	0	0	0
400	0	93.3	0	0	6.7	0	0	0	0	0	0	0	0	0	0	0
401	0	100.0	0	0	0	0	0	0	0	0	0	0	0	0	0	0
402	0	100.0	0	0	0	0	0	0	0	0	0	0	0	0	0	0
403	0	100.0	0	0	0	0	0	0	0	0	0	0	0	0	0	0
404	0	100.0	0	0	0	0	0	0	0	0	0	0	0	0	0	0
405	0	100.0	0	0	6.7	0	0	0	0	0	0	0	0	0	0	0
406	0	100.0	0	0	0	0	0	0	0	0	0	0	0	0	0	0
407	0	100.0	0	0	0	0	0	0	0	0	0	0	0	0	0	0
408	0	100.0	0	0	6.7	0	0	0	0	0	0	0	0	0	0	0
409	0	93.3	0	0	0	0	0	0	0	0	0	0	0	0	0	0
410	0	100.0	0	0	0	0	0	0	0	0	0	0	0	0	0	0
411	0	100.0	0	0	0	0	0	0	0	0	0	0	0	0	0	0
412	0	100.0	0	0	0	0	0	0	0	0	0	0	0	0	0	0
413	0	100.0	0	0	6.7	0	0	0	0	0	0	0	0	0	0	0
414	0	100.0	0	0	0	0	0	0	0	0	0	0	0	0	0	0
415	0	100.0	0	0	0	0	0	0	0	0	0	0	0	0	0	0
416	0	100.0	0	0	0	0	0	0	0	0	0	0	0	0	0	0
417	0	100.0	0	0	6.7	0	0	0	0	0	0	0	0	0	0	0
418	0	100.0	0	0	6.7	0	0	0	0	0	0	0	0	0	0	0
419	0	93.8	0	0	0	0	0	0	0	0	0	0	0	0	0	0
420	0	100.0	0	0	0	0	0	0	0	0	0	0	0	0	0	0
421	0	100.0	0	0	0	0	0	0	0	0	0	0	0	0	0	0
422	0	93.8	0	0	6.2	0	0	0	0	0	0	0	0	0	0	0
423	0	100.0	0	0	0	0	0	0	0	0	0	0	0	0	0	0
424	0	100.0	0	0	0	0	0	0	0	0	0	0	0	0	0	0
425	0	100.0	0	0	0	0	0	0	0	0	0	0	0	0	0	0
426	0	87.5	0	0	6.2	0	0	0	0	0	0	0	0	0	0	0
427	0	100.0	0	0	6.7	0	0	0	0	0	0	0	0	0	0	0
428	0	93.8	0	0	6.2	0	0	0	0	0	0	0	0	0	0	0
429	0	100.0	0	0	6.7	0	0	0	0	0	0	0	0	0	0	0
430	0	100.0	0	0	0	0	0	0	0	0	0	0	0	0	0	0
431	0	100.0	0	0	6.7	0	0	0	0	0	0	0	0	0	0	0
432	0	100.0	0	0	6.7	0	0	0	0	0	0	0	0	0	0	0
433	0	100.0	0	0	6.7	0	0	0	0	0	0	0	0	0	0	0
434	0	100.0	0	0	0	0	0	0	0	0	0	0	0	0	0	0
435	0	100.0	0	0	6.7	0	0	0	0	0	0	0	0	0	0	0
436	0	100.0	0	0	6.7	0	0	0	0	0	0	0	0	0	0	0
437	0	100.0	0	0	6.7	0	0	0	0	0	0	0	0	0	0	0
438	0	100.0	0	0	0	0	0	0	0	0	0	0	0	0	0	0
439	0	100.0	0	0	0	0	0	0	0	0	0	0	0	0	0	0
440	0	100.0	0	0	6.7	0	0	0	0	0	0	0	0	0	0	0
441	0	93.3	0	0	6.7	0	0	0	0	0	0	0	0	0	0	0
442	0	100.0	0	0	0	0	0	0	0	0	0	0	0	0	0	0
443	0	100.0	0	0	0	0	0	0	0	0	0	0	0	0	0	0
444	0	100.0	0	0	0	0	0	0	0	0	0	0	0	0	0	0
445	0	100.0	0	0	0	0	0	0	0	0	0	0	0	0	0	0
446	0	100.0	0	0	13.3	0	0	0	0	0	0	0	0	0	0	0
447	0	100.0	0	0	0	0	0	0	0	0	0	0	0	0	0	0
448	0	100.0	0	0	6.7	0	0	0	0	0	0	0	0	0	0	0
449	0	100.0	0	0	0	0	0	0	0	0	0	0	0	0	0	0
450	0	100.0	0	0	0	0	0	0	0	0	0	0	0	0	0	0
451	0	93.3	0	0	6.7	0	0	0	0	0	0	0	0	0	0	0
452	0	93.8	0	0	6.2	0	0	0	0	0	0	0	0	0	0	0
453	0	93.8	0	0	6.2	0	0	0	0	0	0	0	0	0	0	0
454	0	100.0	0	0	6.7	0	0	0	0	0	0	0	0	0	0	0
455	0	100.0	0	0	6.7	0	0	0	0	0	0	0	0	0	0	0
456	0	100.0	0	0	6.7	0	0	0	0	0	0	0	0	0	0	0
457	0	100.0	0	0	6.7	0	0	0	0	0	0	0	0	0	0	0
458	0	100.0	0	0	0	0	0	0	0	0	0	0	0	0	0	0
459	0	100.0	0	0	6.7	0	0	0	0	0	0	0	0	0	0	0
460	0	100.0	0	0	6.7	0	0	0	0	0	0	0	0	0	0	0
461	0	100.0	0	0	0	0	0	0	0	0	0	0	0	0	0	0
462	0	100.0	0	0	6.2	0	0	0	0	0	0	0	0	0	0	0
463	0	100.0	0	0	0	0	0	0	0	0	0	0	0	0	0	0
464	0	100.0	0	0	0	0	0	0	0	0	0	0	0	0	0	0
465	0	93.8	0	0	0	0	0	0	0	0	0	0	0	0	0	0
466	0	100.0	0	0	6.7	0	0	0	0	0	0	0	0	0	0	0
467	0	100.0	0	0	0	0	0	0	0	0	0	0	0	0	0	0
468	0	100.0	0	0	0	0	0	0	0	0	0	0	0	0	0	0
469	0	93.8	0	0	6.2	0	0	0	0	0	0	0	0	0	0	0
470	0	100.0	0	0	0	0	0	0	0	0	0	0	0	0	0	0
471	0	100.0	0	0	6.7	0	0	0	0	0	0	0	0	0	0	0
472	0	93.3	0	0	0	0	0	0	0	0	0	0	0	0	0	0
473	0	100.0	0	0	6.7	0	0	0	0	0	0	0	0	0	0	0
474	0	100.0	0	0	6.7	0	0	0	0	0	0	0	0	0	0	0
475	0	93.3	0	0	6.7	0	0	0	0	0	0	0	0	0	0	0
476	0	100.0	0	0	6.7	0	0	0	0	0	0	0	0	0	0	0
477	0	100.0	0	0	0	0	0	0	0	0	0	0	0	0	0	0
478	0	100.0	0	0	6.7	0	0	0	0	0	0	0	0	0	0	0
479	0	100.0	0	0	6.7	0	0	0	0	0	0	0	0	0	0	0
480	0	100.0	0	0	6.7	0	0	0	0	0	0	0	0	0	0	0
481	0	93.8	0	0	0	0	0	0	0	0	0	0	0	0	0	0
482	0	100.0	0	0	6.7	0	0	0	0	0	0	0	0	0	0	0
483	0	100.0	0	0	0	0	0	0	0	0	0	0	0	0	0	0
484	0	100.0	0	0	0	0	0	0	0	0	0	0	0	0	0	0
485	0	100.0	0	0	13.3	0	0	0	0	0	0	0	0	0	0	0
486	0	100.0	0	0	6.7	0	0	0	0	0	0	0	0	0	0	0
487	0	100.0	0	0	6.7	0	0	0	0	0	0	0	0	0	0	0
488	0	100.0	0	0	6.7	0	0	0	0	0	0	0	0	0	0	0
489	0	100.0	0	0	0	0	0	0	0	0	0	0	0	0	0	0
490	0	100.0	0	0	0	0	0	0	0	0	0	0	0	0	0	0
491	0	93.3	0	0	0	0	0	0	0	0	0	0	0	0	0	0
492	0	100.0	0	0	0	0	0	0	0	0	0	0	0	0	0	0
493	0	100.0	0	0	0	0	0	0	0	0	0	0	0	0	0	0
494	0	100.0	0	0	6.7	0	0	0	0	0	0	0	0	0	0	0
495	0	100.0	0	0	6.7	0	0	0	0	0	0	0	0	0	0	0
496	0	100.0	0	0	6.7	0	0	0	0	0	0	0	0	0	0	0
497	0	100.0	0	0	0	0	0	0	0	0	0	0	0	0	0	0
498	0	100.0	0	0	0	0	0	0	0	0	0	0	0	0	0	0
499	0	100.0	0	0	6.7	0	0	0	0	0	0	0	0	0	0	0
500	0	100.0	0	0	0	0	0	0	0	0	0	0	0	0	0	0
501	0	93.8	0	0	6.2	0	0	0	0	0	0	0	0	0	0	0
502	0	100.0	0	0	0	0	0	0	0	0	0	0	0	0	0	0
503	0	93.8	0	0	0	0	0	0	0	0	0	0	0	0	0	0
504	0	100.0	0	0	0	0	0	0	0	0	0	0	0	0	0	0
505	0	100.0	0	0	6.7	0	0	0	0	0	0	0	0	0	0	0
506	0	100.0	0	0	0	0	0	0	0	0	0	0	0	0	0	0
507	0	87.5	0	0	0	0	0	0	0	0	0	0	0	0	0	0
508	0	100.0	0	0	0	0	0	0	0	0	0	0	0	0	0	0
509	0	93.8	0	0	6.2	0	0	0	0	0	0	0	0	0	0	0
510	0	100.0	0	0	13.3	0	0	0	0	0	0	0	0	0	0	0
511	0	93.3	0	0	6.7	0	0	0	0	0	0	0	0	0	0	0
512	0	100.0	0	0	0	0	0	0	0	0	0	0	0	0	0	0
513	0	100.0	0	0	0	0	0	0	0	0	0	0	0	0	0	0
514	0	100.0	0	0	6.7	0	0	0	0	0	0	0	0	0	0	0
515	0	100.0	0	0	0	0	0	0	0	0	0	0	0	0	0	0
516	0	100.0	0	0	0	0	0	0	0	0	0	0	0	0	0	0
517	0	100.0	0	0	6.7	0	0	0	0	0	0	0	0	0	0	0
518	0	93.8	0	0	12.5	0	0	0	0	0	0	0	0	0	0	0
519	0	100.0	0	0	0	0	0	0	0	0	0	0	0	0	0	0
520	0	100.0	0	0	0	0	0	0	0	0	0	0	0	0	0	0
521	0	100.0	0	0	6.7	0	0	0	0	0	0	0	0	0	0	0
522	0	100.0	0	0	6.7	0	0	0	0	0	0	0	0	0	0	0
523	0	100.0	0	0	0	0	0	0	0	0	0	0	0	0	0	0
524	0	100.0	0	0	6.7	0	0	0	0	0	0	0	0	0	0	0
525	0	100.0	0	0	6.7	0	0	0	0	0	0	0	0	0	0	0
526	0	100.0	0	0	0	0	0	0	0	0	0	0	0	0	0	0
527	0	100.0	0	0	6.7	0	0	0	0	0	0	0	0	0	0	0
528	0	100.0	0	0	0	0	0	0	0	0	0	0	0	0	0	0
529	0	100.0	0	0	6.7	0	0	0	0	0	0	0	0	0	0	0
530	0	100.0	0	0	0	0	0	0	0	0	0	0	0	0	0	0
531	0	100.0	0	0	6.7	0	0	0	0	0	0	0	0	0	0	0
532	0	100.0	0	0	6.7	0	0	0	0	0	0	0	0	0	0	0
533	0	100.0	0	0	6.7	0	0	0	0	0	0	0	0	0	0	0
534	0	100.0	0	0	13.3	0	0	0	0	0	0	0	0	0	0	0
535	0	100.0	0	0	6.7	0	0	0	0	0	0	0	0	0	0	0
536	0	100.0	0	0	6.7	0	0	0	0	0	0	0	0	0	0	0
537	0	100.0	0	0	13.3	0	0	0	0	0	0	0	0	0	0	0
538	0	100.0	0	0	6.7	0	0	0	0	0	0	0	0	0	0	0
539	0	100.0	0	0	0	0	0	0	0	0	0	0	0	0	0	0
540	0	100.0	0	0	0	0	0	0	0	0	0	0	0	0	0	0
541	0	100.0	0	0	6.7	0	0	0	0	0	0	0	0	0	0	0
542	0	100.0	0	0	6.7	0	0	0	0	0	0	0	0	0	0	0
543	0	93.3	0	0	0	0	0	0	0	0	0	0	0	0	0	0
544	0	100.0	0	0	0	0	0	0	0	0	0	0	0	0	0	0
545	0	100.0	0	0	6.7	0	0	0	0	0	0	0	0	0	0	0
546	0	100.0	0	0	6.7	0	0	0	0	0	0	0	0	0	0	0
547	0	100.0	0	0	6.7	0	0	0	0	0	0	0	0	0	0	0
548	0	100.0	0	0	6.7	0	0	0	0	0	0	0	0	0	0	0
549	0	100.0	0	0	6.7	0	0	0	0	0	0	0	0	0	0	0
550	0	100.0	0	0	6.7	0	0	0	0	0	0	0	0	0	0	0
551	0	100.0	0	0	0	0	0	0	0	0	0	0	0	0	0	0
552	0	100.0	0	0	0	0	0	0	0	0	0	0	0	0	0	0
553	0	100.0	0	0	6.7	0	0	0	0	0	0	0	0	0	0	0
554	0	93.8	0	0	6.2	0	0	0	0	0	0	0	0	0	0	0
555	0	100.0	0	0	0	0	0	0	0	0	0	0	0	0	0	0
556	0	100.0	0	0	0	0	0	0	0	0	0	0	0	0	0	0
557	0	100.0	0	0	0	0	0	0	0	0	0	0	0	0	0	0
558	0	93.3	0	0	0	0	0	0	0	0	0	0	0	0	0	0
559	0	93.3	0	0	20.0	0	0	0	0	0	0	0	0	0	0	0
560	0	100.0	0	0	0	0	0	0	0	0	0	0	0	0	0	0
561	0	100.0	0	0	13.3	0	0	0	0	0	0	0	0	0	0	0
562	0	100.0	0	0	0	0	0	0	0	0	0	0	0	0	0	0
563	0	100.0	0	0	0	0	0	0	0	0	0	0	0	0	0	0
564	0	100.0	0	0	0	0	0	0	0	0	0	0	0	0	0	0
565	0	100.0	0	0	6.7	0	0	0	0	0	0	0	0	0	0	0
566	0	100.0	0	0	6.7	0	0	0	0	0	0	0	0	0	0	0
567	0	100.0	0	0	0	0	0	0	0	0	0	0	0	0	0	0
568	0	100.0	0	0	6.7	0	0	0	0	0	0	0	0	0	0	0
569	0	100.0	0	0	0	0	0	0	0	0	0	0	0	0	0	0
570	0	100.0	0	0	6.7	0	0	0	0	0	0	0	0	0	0	0
571	0	100.0	0	0	0	0	0	0	0	0	0	0	0	0	0	0
572	0	93.8	0	0	0	0	0	0	0	0	0	0	0	0	0	0
573	0	100.0	0	0	0	0	0	0	0	0	0	0	0	0	0	0
574	0	100.0	0	0	6.7	0	0	0	0	0	0	0	0	0	0	0
575	0	93.3	0	0	6.7	0	0	0	0	0	0	0	0	0	0	0
576	0	100.0	0	0	0	0	0	0	0	0	0	0	0	0	0	0
577	0	100.0	0	0	0	0	0	0	0	0	0	0	0	0	0	0
578	0	100.0	0	0	0	0	0	0	0	0	0	0	0	0	0	0
579	0	100.0	0	0	0	0	0	0	0	0	0	0	0	0	0	0
580	0	100.0	0	0	0	0	0	0	0	0	0	0	0	0	0	0
581	0	93.3	0	0	0	0	0	0	0	0	0	0	0	0	0	0
582	0	93.8	0	0	0	0	0	0	0	0	0	0	0	0	0	0
583	0	100.0	0	0	0	0	0	0	0	0	0	0	0	0	0	0
584	0	100.0	0	0	0	0	0	0	0	0	0	0	0	0	0	0
585	0	100.0	0	0	6.7	0	0	0	0	0	0	0	0	0	0	0
586	0	93.3	0	0	6.7	0	0	0	0	0	0	0	0	0	0	0
587	0	100.0	0	0	6.7	0	0	0	0	0	0	0	0	0	0	0
588	0	100.0	0	0	0	0	0	0	0	0	0	0	0	0	0	0
589	0	100.0	0	0	6.7	0	0	0	0	0	0	0	0	0	0	0
590	0	100.0	0	0	6.7	0	0	0	0	0	0	0	0	0	0	0
591	0	100.0	0	0	6.7	0	0	0	0	0	0	0	0	0	0	0
592	0	100.0	0	0	6.7	0	0	0	0	0	0	0	0	0	0	0
593	0	100.0	0	0	0	0	0	0	0	0	0	0	0	0	0	0
594	0	100.0	0	0	6.7	0	0	0	0	0	0	0	0	0	0	0
595	0	100.0	0	0	0	0	0	0	0	0	0	0	0	0	0	0
596	0	100.0	0	0	0	0	0	0	0	0	0	0	0	0	0	0
597	0	93.3	0	0	6.7	0	0	0	0	0	0	0	0	0	0	0
598	0	100.0	0	0	6.7	0	0	0	0	0	0	0	0	0	0	0
599	0	100.0	0	0	0	0	0	0	0	0	0	0	0	0	0	0
600	0	100.0	0	0	6.7	0	0	0	0	0	0	0	0	0	0	0
601	0	93.3	0	0	13.3	0	0	0	0	0	0	0	0	0	0	0
602	0	93.8	0	0	0	0	0	0	0	0	0	0	0	0	0	0
603	0	100.0	0	0	6.7	0	0	0	0	0	0	0	0	0	0	0
604	0	100.0	0	0	0	0	0	0	0	0	0	0	0	0	0	0
605	0	93.3	0	0	6.7	0	0	0	0	0	0	0	0	0	0	0
606	0	100.0	0	0	6.7	0	0	0	0	0	0	0	0	0	0	0
607	0	100.0	0	0	6.7	0	0	0	0	0	0	0	0	0	0	0
608	0	100.0	0	0	13.3	0	0	0	0	0	0	0	0	0	0	0
609	0	100.0	0	0	0	0	0	0	0	0	0	0	0	0	0	0
610	0	100.0	0	0	6.7	0	0	0	0	0	0	0	0	0	0	0
611	0	100.0	0	0	6.7	0	0	0	0	0	0	0	0	0	0	0
612	0	100.0	0	0	0	0	0	0	0	0	0	0	0	0	0	0
613	0	100.0	0	0	6.7	0	0	0	0	0	0	0	0	0	0	0
614	0	100.0	0	0	6.7	0	0	0	0	0	0	0	0	0	0	0
615	0	100.0	0	0	0	0	0	0	0	0	0	0	0	0	0	0
616	0	100.0	0	0	6.7	0	0	0	0	0	0	0	0	0	0	0
617	0	100.0	0	0	0	0	0	0	0	0	0	0	0	0	0	0
618	0	93.8	0	0	6.2	0	0	0	0	0	0	0	0	0	0	0
619	0	100.0	0	0	13.3	0	0	0	0	0	0	0	0	0	0	0
620	0	100.0	0	0	6.7	0	0	0	0	0	0	0	0	0	0	0
621	0	100.0	0	0	6.7	0	0	0	0	0	0	0	0	0	0	0
622	0	100.0	0	0	6.7	0	0	0	0	0	0	0	0	0	0	0
623	0	100.0	0	0	0	0	0	0	0	0	0	0	0	0	0	0
624	0	100.0	0	0	6.7	0	0	0	0	0	0	0	0	0	0	0
625	0	100.0	0	0	6.7	0	0	0	0	0	0	0	0	0	0	0
626	0	100.0	0	0	6.7	0	0	0	0	0	0	0	0	0	0	0
627	0	87.5	0	0	0	0	0	0	0	0	0	0	0	0	0	0
628	0	100.0	0	0	6.7	0	0	0	0	0	0	0	0	0	0	0
629	0	93.3	0	0	6.7	0	0	0	0	0	0	0	0	0	0	0
630	0	100.0	0	0	13.3	0	0	0	0	0	0	0	0	0	0	0
631	0	100.0	0	0	0	0	0	0	0	0	0	0	0	0	0	0
632	0	100.0	0	0	6.7	0	0	0	0	0	0	0	0	0	0	0
633	0	100.0	0	0	0	0	0	0	0	0	0	0	0	0	0	0
634	0	100.0	0	0	6.7	0	0	0	0	0	0	0	0	0	0	0
635	0	100.0	0	0	6.7	0	0	0	0	0	0	0	0	0	0	0
636	0	93.8	0	0	6.2	0	0	0	0	0	0	0	0	0	0	0
637	0	100.0	0	0	0	0	0	0	0	0	0	0	0	0	0	0
638	0	100.0	0	0	6.7	0	0	0	0	0	0	0	0	0	0	0
639	0	100.0	0	0	0	0	0	0	0	0	0	0	0	0	0	0
640	0	100.0	0	0	0	0	0	0	0	0	0	0	0	0	0	0
641	0	100.0	0	0	6.7	0	0	0	0	0	0	0	0	0	0	0
642	0	100.0	0	0	0	0	0	0	0	0	0	0	0	0	0	0
643	0	93.8	0	0	0	0	0	0	0	0	0	0	0	0	0	0
644	0	100.0	0	0	0	0	0	0	0	0	0	0	0	0	0	0
645	0	100.0	0	0	0	0	0	0	0	0	0	0	0	0	0	0
646	0	100.0	0	0	0	0	0	0	0	0	0	0	0	0	0	0
647	0	87.5	0	0	6.2	0	0	0	0	0	0	0	0	0	0	0
648	0	93.8	0	0	12.5	0	0	0	0	0	0	0	0	0	0	0
649	0	100.0	0	0	13.3	0	0	0	0	0	0	0	0	0	0	0
650	0	100.0	0	0	6.7	0	0	0	0	0	0	0	0	0	0	0
651	0	93.8	0	0	0	0	0	0	0	0	0	0	0	0	0	0
652	0	100.0	0	0	6.7	0	0	0	0	0	0	0	0	0	0	0
653	0	100.0	0	0	0	0	0	0	0	0	0	0	0	0	0	0
654	0	100.0	0	0	0	0	0	0	0	0	0	0	0	0	0	0
655	0	100.0	0	0	0	0	0	0	0	0	0	0	0	0	0	0
656	0	100.0	0	0	0	0	0	0	0	0	0	0	0	0	0	0
657	0	100.0	0	0	0	0	0	0	0	0	0	0	0	0	0	0
658	0	100.0	0	0	0	0	0	0	0	0	0	0	0	0	0	0
659	0	100.0	0	0	6.7	0	0	0	0	0	0	0	0	0	0	0
660	0	100.0	0	0	0	0	0	0	0	0	0	0	0	0	0	0
661	0	100.0	0	0	0	0	0	0	0	0	0	0	0	0	0	0
662	0	100.0	0	0	6.7	0	0	0	0	0	0	0	0	0	0	0
663	0	100.0	0	0	6.7	0	0	0	0	0	0	0	0	0	0	0
664	0	100.0	0	0	6.7	0	0	0	0	0	0	0	0	0	0	0
665	0	100.0	0	0	6.7	0	0	0	0	0	0	0	0	0	0	0
666	0	100.0	0	0	6.7	0	0	0	0	0	0	0	0	0	0	0
667	0	93.8	0	0	0	0	0	0	0	0	0	0	0	0	0	0
668	0	100.0	0	0	6.7	0	0	0	0	0	0	0	0	0	0	0
669	0	100.0	0	0	13.3	0	0	0	0	0	0	0	0	0	0	0
670	0	100.0	0	0	0	0	0	0	0	0	0	0	0	0	0	0
671	0	100.0	0	0	0	0	0	0	0	0	0	0	0	0	0	0
672	0	100.0	0	0	6.7	0	0	0	0	0	0	0	0	0	0	0
673	0	100.0	0	0	6.7	0	0	0	0	0	0	0	0	0	0	0
674	0	100.0	0	0	0	0	0	0	0	0	0	0	0	0	0	0
675	0	100.0	0	0	13.3	0	0	0	0	0	0	0	0	0	0	0
676	0	100.0	0	0	6.7	0	0	0	0	0	0	0	0	0	0	0
677	0	100.0	0	0	6.7	0	0	0	0	0	0	0	0	0	0	0
678	0	100.0	0	0	0	0	0	0	0	0	0	0	0	0	0	0
679	0	100.0	0	0	0	0	0	0	0	0	0	0	0	0	0	0
680	0	100.0	0	0	6.7	0	0	0	0	0	0	0	0	0	0	0
681	0	100.0	0	0	0	0	0	0	0	0	0	0	0	0	0	0
682	0	100.0	0	0	6.7	0	0	0	0	0	0	0	0	0	0	0
683	0	100.0	0	0	0	0	0	0	0	0	0	0	0	0	0	0
684	0	93.8	0	0	6.2	0	0	0	0	0	0	0	0	0	0	0
685	0	100.0	0	0	0	0	0	0	0	0	0	0	0	0	0	0
686	0	100.0	0	0	0	0	0	0	0	0	0	0	0	0	0	0
687	0	100.0	0	0	6.7	0	0	0	0	0	0	0	0	0	0	0
688	0	0	0	0	0	0	0	0	0	0	0	93.8	0	0	0	0
689	0	0	0	0	0	0	0	0	0	0	0	0	0	0	0	0
690	0	0	0	0	0	0	0	0	0	0	0	0	0	0	0	0
691	0	0	0	0	0	0	0	0	0	0	0	0	0	0	0	0
692	0	0	0	0	0	0	0	0	0	0	0	0	0	0	0	0
693	0	0	0	0	0	0	0	0	0	0	0	0	0	0	0	0
694	0	0	0	0	0	0	0	0	0	0	0	0	0	0	0	0
695	0	0	0	0	0	0	0	0	0	0	0	0	0	0	0	0
696	0	0	0	0	0	0	0	0	0	0	0	0	0	0	0	0
697	0	0	0	0	0	0	0	0	0	0	0	0	0	0	0	0
698	0	0	0	0	0	0	0	0	0	0	0	0	0	0	0	0
699	0	0	0	0	0	0	0	0	0	0	0	0	0	0	0	0
700	0	0	0	0	0	0	0	0	0	0	0	0	0	0	0	0
701	0	0	0	0	0	0	0	0	0	0	0	0	0	0	0	0
702	0	0	0	0	0	0	0	0	0	0	0	0	0	0	0	0
703	0	0	0	0	0	0	0	0	0	0	0	0	0	0	0	0
704	0	0	0	0	0	0	0	0	0	0	0	0	0	0	0	0
705	0	0	0	0	0	0	0	0	0	0	0	0	0	0	0	0
706	0	0	0	0	0	0	0	0	0	0	0	0	0	0	0	0
707	0	0	0	0	0	0	0	0	0	0	0	0	0	0	0	0
708	0	0	0	0	0	0	0	0	0	0	0	0	0	0	0	0
709	0	0	0	0	0	0	0	0	0	0	0	0	0	0	0	0
710	0	0	0	0	0	0	0	0	0	0	0	0	0	0	0	0
711	0	0	0	0	0	0	0	0	0	0	0	0	0	0	0	0
712	0	0	0	0	0	0	0	0	0	0	0	0	0	0	0	0
713	0	0	0	0	0	0	0	0	0	0	0	0	0	0	0	0
714	0	0	0	0	0	0	0	0	0	0	0	0	0	0	0	0
715	0	0	0	0	0	0	0	0	0	0	0	0	0	0	0	0
716	0	0	0	0	0	0	0	0	0	0	0	0	0	0	0	0
717	0	0	0	0	0	0	0	0	0	0	0	0	0	0	0	0
718	0	0	0	0	0	0	0	0	0	0	0	0	0	0	0	0
719	0	0	0	0	0	0	0	0	0	0	0	0	0	0	0	0
720	0	0	0	0	0	0	0	0	0	0	0	0	0	0	0	0
721	0	0	0	0	0	0	0	0	0	0	0	0	0	0	0	0
722	0	0	0	0	0	0	0	0	0	0	0	0	0	0	0	0
723	0	0	0	0	0	0	0	0	0	0	0	0	0	0	0	0
724	0	0	0	0	0	0	0	0	0	0	0	0	0	0	0	0
725	0	0	0	0	0	0	0	0	0	0	0	0	0	0	0	0
726	0	0	0	0	0	0	0	0	0	0	0	0	0	0	0	0
727	0	0	0	0	0	0	0	0	0	0	0	0	0	0	0	0
728	0	0	0	0	0	0	0	0	0	0	0	0	0	0	0	0
729	0	0	0	0	0	0	0	0	0	0	0	0	0	0	0	0
730	0	0	0	0	0	0	0	0	0	0	0	0	0	0	0	0
731	0	0	0	0	0	0	0	0	0	0	0	0	0	0	0	0
732	0	0	0	0	0	0	0	0	0	0	0	0	0	0	0	0
733	0	0	0	0	0	0	0	0	0	0	0	0	0	0	0	0
734	0	0	0	0	0	0	0	0	0	0	0	0	0	0	0	0
735	0	0	0	0	0	0	0	0	0	0	0	0	0	0	0	0
736	0	0	0	0	0	0	0	0	0	0	0	0	0	0	0	0
737	0	0	0	0	0	0	0	0	0	0	0	0	0	0	0	0
738	0	0	0	0	0	0	0	0	0	0	0	0	0	0	0	0
739	0	0	0	0	0	0	0	0	0	0	0	0	0	0	0	0
740	0	0	0	0	0	0	0	0	0	0	0	0	0	0	0	0
741	0	0	0	0	0	0	0	0	0	0	0	0	0	0	0	0
742	0	0	0	0	0	0	0	0	0	0	0	0	0	0	0	0
743	0	0	0	0	0	0	0	0	0	0	0	0	0	0	0	0
744	0	0	0	0	0	0	0	0	0	0	0	0	0	0	0	0
745	0	0	0	0	0	0	0	0	0	0	0	0	0	0	0	0
746	0	0	0	0	0	0	0	0	0	0	0	0	0	0	0	0
747	0	0	0	0	0	0	0	0	0	0	0	0	0	0	0	0
748	0	0	0	0	0	0	0	0	0	0	0	0	0	0	0	0
749	0	0	0	0	0	0	0	0	0	0	0	0	0	0	0	0
750	0	0	0	0	0	0	0	0	0	0	0	0	0	0	0	0
751	0	0	0	0	0	0	0	0	0	0	0	0	0	0	0	0
752	0	0	0	0	0	0	0	0	0	0	0	0	0	0	0	0
753	0	0	0	0	0	0	0	0	0	0	0	0	0	0	0	0
754	0	0	0	0	0	0	0	0	0	0	0	0	0	0	0	0
755	0	0	0	0	0	0	0	0	0	0	0	0	0	0	0	0
756	0	0	0	0	0	0	0	0	0	0	0	0	0	0	0	0
757	0	0	0	0	0	0	0	0	0	0	0	0	0	0	0	0
758	0	0	0	0	0	0	0	0	0	0	0	0	0	0	0	0
759	0	0	0	0	0	0	0	0	0	0	0	0	0	0	0	0
760	0	0	0	0	0	0	0	0	0	0	0	0	0	0	0	0
761	0	0	0	0	0	0	0	0	0	0	0	0	0	0	0	0
762	0	0	0	0	0	0	0	0	0	0	0	0	0	0	0	0
763	0	0	0	0	0	0	0	0	0	0	0	0	0	0	0	0
764	0	0	0	0	0	0	0	0	0	0	0	0	0	0	0	0
765	0	0	0	0	0	0	0	0	0	0	0	0	0	0	0	0
766	0	0	0	0	0	0	0	0	0	0	0	0	0	0	0	0
767	0	0	0	0	0	0	0	0	0	0	0	0	0	0	0	0
768	0	0	0	0	0	0	0	0	0	0	0	0	0	0	0	0
769	0	0	0	0	0	0	0	0	0	0	0	0	0	0	0	0
770	0	0	0	0	0	0	0	0	0	0	0	0	0	0	0	0
771	0	0	0	0	0	0	0	0	0	0	0	0	0	0	0	0
772	0	0	0	0	0	0	0	0	0	0	0	0	0	0	0	0
773	0	0	0	0	0	0	0	0	0	0	0	0	0	0	0	0
774	0	0	0	0	0	0	0	0	0	0	0	0	0	0	0	0
775	0	0	0	0	0	0	0	0	0	0	0	0	0	0	0	0
776	0	0	0	0	0	0	0	0	0	0	0	0	0	0	0	0
777	0	0	0	0	0	0	0	0	0	0	0	0	0	0	0	0
778	0	0	0	0	0	0	0	0	0	0	0	0	0	0	0	0
779	0	0	0	0	0	0	0	0	0	0	0	0	0	0	0	0
780	0	0	0	0	0	0	0	0	0	0	0	0	0	0	0	0
781	0	0	0	0	0	0	0	0	0	0	0	0	0	0	0	0
782	0	0	0	0	0	0	0	0	0	0	0	0	0	0	0	0
783	0	0	0	0	0	0	0	0	0	0	0	0	0	0	0	0
784	0	0	0	0	0	0	0	0	0	0	0	0	0	0	0	0
785	0	0	0	0	0	0	0	0	0	0	0	0	0	0	0	0
786	0	0	0	0	0	0	0	0	0	0	0	0	0	0	0	0
787	0	0	0	0	0	0	0	0	0	0	0	0	0	0	0	0
788	0	0	0	0	0	0	0	0	0	0	0	0	0	0	0	0
789	0	0	0	0	0	0	0	0	0	0	0	0	0	0	0	0
790	0	0	0	0	0	0	0	0	0	0	0	0	0	0	0	0
791	0	0	0	0	0	0	0	0	0	0	0	0	0	0	0	0
792	0	0	0	0	0	0	0	0	0	0	0	0	0	0	0	0
793	0	0	0	0	0	0	0	0	0	0	0	0	0	0	0	0
794	0	0	0	0	0	0	0	0	0	0	0	0	0	0	0	0
795	0	0	0	0	0	0	0	0	0	0	0	0	0	0	0	0
796	0	0	0	0	0	0	0	0	0	0	0	0	0	0	0	0
797	0	0	0	0	0	0	0	0	0	0	0	0	0	0	0	0
798	0	0	0	0	0	0	0	0	0	0	0	0	0	0	0	0
799	0	0	0	0	0	0	0	0	0	0	0	0	0	0	0	0
800	0	0	0	0	0	0	0	0	0	0	0	0	0	0	0	0
801	0	0	0	0	0	0	0	0	0	0	0	0	0	0	0	0
802	0	0	0	0	0	0	0	0	0	0	0	0	0	0	0	0
803	0	0	0	0	0	0	0	0	0	0	0	0	0	0	0	0
804	0	0	0	0	0	0	0	0	0	0	0	0	0	0	0	0
805	0	0	0	0	0	0	0	0	0	0	0	0	0	0	0	0
806	0	0	0	0	0	0	0	0	0	0	0	0	0	0	0	0
807	0	0	0	0	0	0	0	0	0	0	0	0	0	0	0	0
808	0	0	0	0	0	0	0	0	0	0	0	0	0	0	0	0
809	0	0	0	0	0	0	0	0	0	0	0	0	0	0	0	0
810	0	0	0	0	0	0	0	0	0	0	0	0	0	0	0	0
811	0	0	0	0	0	0	0	0	0	0	0	0	0	0	0	0
812	0	0	0	0	0	0	0	0	0	0	0	0	0	0	0	0
813	0	0	0	0	0	0	0	0	0	0	0	0	0	0	0	0
814	0	0	0	0	0	0	0	0	0	0	0	0	0	0	0	0
815	0	0	0	0	0	0	0	0	0	0	0	0	0	0	0	0
816	0	0	0	0	0	0	0	0	0	0	0	0	0	0	0	0
817	0	0	0	0	0	0	0	0	0	0	0	0	0	0	0	0
818	0	0	0	0	0	0	0	0	0	0	0	0	0	0	0	0
819	0	0	0	0	0	0	0	0	0	0	0	0	0	0	0	0
820	0	0	0	0	0	0	0	0	0	0	0	0	0	0	0	0
821	0	0	0	0	0	0	0	0	0	0	0	0	0	0	0	0
822	0	0	0	0	0	0	0	0	0	0	0	0	0	0	0	0
823	0	0	0	0	0	0	0	0	0	0	0	0	0	0	0	0
824	0	0	0	0	0	0	0	0	0	0	0	0	0	0	0	0
825	0	0	0	0	0	0	0	0	0	0	0	0	0	0	0	0
826	0	0	0	0	0	0	0	0	0	0	0	0	0	0	0	0
827	0	0	0	0	0	0	0	0	0	0	0	0	0	0	0	0
828	0	0	0	0	0	0	0	0	0	0	0	0	0	0	0	0
829	0	0	0	0	0	0	0	0	0	0	0	0	0	0	0	0
830	0	0	0	0	0	0	0	0	0	0	0	0	0	0	0	0
831	0	0	0	0	0	0	0	0	0	0	0	0	0	0	0	0
832	0	0	0	0	0	0	0	0	0	0	0	0	0	0	0	0
833	0	0	0	0	0	0	0	0	0	0	0	0	0	0	0	0
834	0	0	0	0	0	0	0	0	0	0	0	0	0	0	0	0
835	0	0	0	0	0	0	0	0	0	0	0	0	0	0	0	0
836	0	0	0	0	0	0	0	0	0	0	0	0	0	0	0	0
837	0	0	0	0	0	0	0	0	0	0	0	0	0	0	0	0
838	0	0	0	0	0	0	0	0	0	0	0	0	0	0	0	0
839	0	0	0	0	0	0	0	0	0	0	0	0	0	0	0	0
840	0	0	0	0	0	0	0	0	0	0	0	0	0	0	0	0
841	0	0	0	0	0	0	0	0	0	0	0	0	0	0	0	0
842	0	0	0	0	0	0	0	0	0	0	0	0	0	0	0	0
843	0	0	0	0	0	0	0	0	0	0	0	0	0	0	0	0
844	0	0	0	0	0	0	0	0	0	0	0	0	0	0	0	0
845	0	0	0	0	0	0	0	0	0	0	0	0	0	0	0	0
846	0	0	0	0	0	0	0	0	0	0	0	0	0	0	0	0
847	0	0	0	0	0	0	0	0	0	0	0	0	0	0	0	0
848	0	0	0	0	0	0	0	0	0	0	0	0	0	0	0	0
849	0	0	0	0	0	0	0	0	0	0	0	0	0	0	0	0
850	0	0	0	0	0	0	0	0	0	0	0	0	0	0	0	0
851	0	0	0	0	0	0	0	0	0	0	0	0	0	0	0	0
852	0	0	0	0	0	0	0	0	0	0	0	0	0	0	0	0
853	0	0	0	0	0	0	0	0	0	0	0	0	0	0	0	0
854	0	0	0	0	0	0	0	0	0	0	0	0	0	0	0	0
855	0	0	0	0	0	0	0	0	0	0	0	0	0	0	0	0
856	0	0	0	0	0	0	0	0	0	0	0	0	0	0	0	0
857	0	0	0	0	0	0	0	0	0	0	0	0	0	0	0	0
858	0	0	0	0	0	0	0	0	0	0	0	0	0	0	0	0
859	0	0	0	0	0	0	0	0	0	0	0	0	0	0	0	0
860	0	0	0	0	0	0	0	0	0	0	0	0	0	0	0	0
861	0	0	0	0	0	0	0	0	0	0	0	0	0	0	0	0
862	0	0	0	0	0	0	0	0	0	0	0	0	0	0	0	0
863	0	0	0	0	0	0	0	0	0	0	0	0	0	0	0	0
864	0	0	0	0	0	0	0	0	0	0	0	0	0	0	0	0
865	0	0	0	0	0	0	0	0	0	0	0	0	0	0	0	0
866	0	0	0	0	0	0	0	0	0	0	0	0	0	0	0	0
867	0	0	0	0	0	0	0	0	0	0	0	0	0	0	0	0
868	0	0	0	0	0	0	0	0	0	0	0	0	0	0	0	0
869	0	0	0	0	0	0	0	0	0	0	0	0	0	0	0	0
870	0	0	0	0	0	0	0	0	0	0	0	0	0	0	0	0
871	0	0	0	0	0	0	0	0	0	0	0	0	0	0	0	0
872	0	0	0	0	0	0	0	0	0	0	0	0	0	0	0	0
873	0	0	0	0	0	0	0	0	0	0	0	0	0	0	0	0
874	0	0	0	0	0	0	0	0	0	0	0	0	0	0	0	0
875	0	0	0	0	0	0	0	0	0	0	0	0	0	0	0	0
876	0	0	0	0	0	0	0	0	0	0	0	0	0	0	0	0
877	0	0	0	0	0	0	0	0	0	0	0	0	0	0	0	0
878	0	0	0	0	0	0	0	0	0	0	0	0	0	0	0	0
879	0	0	0	0	0	0	0	0	0	0	0	0	0	0	0	0
880	0	0	0	0	0	0	0	0	0	0	0	0	0	0	0	0
881	0	0	0	0	0	0	0	0	0	0	0	0	0	0	0	0
882	0	0	0	0	0	0	0	0	0	0	0	0	0	0	0	0
883	0	0	0	0	0	0	0	0	0	0	0	0	0	0	0	0
884	0	0	0	0	0	0	0	0	0	0	0	0	0	0	0	0
885	0	0	0	0	0	0	0	0	0	0	0	0	0	0	0	0
886	0	0	0	0	0	0	0	0	0	0	0	0	0	0	0	0
887	0	0	0	0	0	0	0	0	0	0	0	0	0	0	0	0
888	0	0	0	0	0	0	0	0	0	0	0	0	0	0	0	0
889	0	0	0	0	0	0	0	0	0	0	0	0	0	0	0	0
890	0	0	0	0	0	0	0	0	0	0	0	0	0	0	0	0
891	0	0	0	0	0	0	0	0	0	0	0	0	0	0	0	0
892	0	0	0	0	0	0	0	0	0	0	0	0	0	0	0	0
893	0	0	0	0	0	0	0	0	0	0	0	0	0	0	0	0
894	0	0	0	0	0	0	0	0	0	0	0	0	0	0	0	0
895	0	0	0	0	0	0	0	0	0	0	0	0	0	0	0	0
896	0	0	0	0	0	0	0	0	0	0	0	0	0	0	0	0
897	0	0	0	0	0	0	0	0	0	0	0	0	0	0	0	0
898	0	0	0	0	0	0	0	0	0	0	0	0	0	0	0	0
899	0	0	0	0	0	0	0	0	0	0	0	0	0	0	0	0
900	0	0	0	0	0	0	0	0	0	0	0	0	0	0	0	0
901	0	0	0	0	0	0	0	0	0	0	0	0	0	0	0	0
902	0	0	0	0	0	0	0	0	0	0	0	0	0	0	0	0
903	0	0	0	0	0	0	0	0	0	0	0	0	0	0	0	0
904	0	0	0	0	0	0	0	0	0	0	0	0	0	0	0	0
905	0	0	0	0	0	0	0	0	0	0	0	0	0	0	0	0
906	0	0	0	0	0	0	0	0	0	0	0	0	0	0	0	0
907	0	0	0	0	0	0	0	0	0	0	0	0	0	0	0	0
908	0	0	0	0	0	0	0	0	0	0	0	0	0	0	0	0
909	0	0	0	0	0	0	0	0	0	0	0	0	0	0	0	0
910	0	0	0	0	0	0	0	0	0	0	0	0	0	0	0	0
911	0	0	0	0	0	0	0	0	0	0	0	0	0	0	0	0
912	0	0	0	0	0	0	0	0	0	0	0	0	0	0	0	0
913	0	0	0	0	0	0	0	0	0	0	0	0	0	0	0	0
914	0	0	0	0	0	0	0	0	0	0	0	0	0	0	0	0
915	0	0	0	0	0	0	0	0	0	0	0	0	0	0	0	0
916	0	0	0	0	0	0	0	0	0	0	0	0	0	0	0	0
917	0	0	0	0	0	0	0	0	0	0	0	0	0	0	0	0
918	0	0	0	0	0	0	0	0	0	0	0	0	0	0	0	0
919	0	0	0	0	0	0	0	0	0	0	0	0	0	0	0	0
920	0	0	0	0	0	0	0	0	0	0	0	0	0	0	0	0
921	0	0	0	0	0	0	0	0	0	0	0	0	0	0	0	0
922	0	0	0	0	0	0	0	0	0	0	0	0	0	0	0	0
923	0	0	0	0	0	0	0	0	0	0	0	0	0	0	0	0
924	0	0	0	0	0	0	0	0	0	0	0	0	0	0	0	0
925	0	0	0	0	0	0	0	0	0	0	0	0	0	0	0	0
926	0	0	0	0	0	0	0	0	0	0	0	0	0	0	0	0
927	0	0	0	0	0	0	0	0	0	0	0	0	0	0	0	0
928	0	0	0	0	0	0	0	0	0	0	0	0	0	0	0	0
929	0	0	0	0	0	0	0	0	0	0	0	0	0	0	0	0
930	0	0	0	0	0	0	0	0	0	0	0	0	0	0	0	0
931	0	0	0	0	0	0	0	0	0	0	0	0	0	0	0	0
932	0	0	0	0	0	0	0	0	0	0	0	0	0	0	0	0
933	0	0	0	0	0	0	0	0	0	0	0	0	0	0	0	0
934	0	0	0	0	0	0	0	0	0	0	0	0	0	0	0	0
935	0	0	0	0	0	0	0	0	0	0	0	0	0	0	0	0
936	0	0	0	0	0	0	0	0	0	0	0	0	0	0	0	0
937	0	0	0	0	0	0	0	0	0	0	0	0	0	0	0	0
938	0	0	0	0	0	0	0	0	0	0	0	0	0	0	0	0
939	0	0	0	0	0	0	0	0	0	0	0	0	0	0	0	0
940	0	0	0	0	0	0	0	0	0	0	0	0	0	0	0	0
941	0	0	0	0	0	0	0	0	0	0	0	0	0	0	0	0
942	0	0	0	0	0	0	0	0	0	0	0	0	0	0	0	0
943	0	0	0	0	0	0	0	0	0	0	0	0	0	0	0	0
944	0	0	0	0	0	0	0	0	0	0	0	0	0	0	0	0
945	0	0	0	0	0	0	0	0	0	0	0	0	0	0	0	0
946	0	0	0	0	0	0	0	0	0	0	0	0	0	0	0	0
947	0	0	0	0	0	0	0	0	0	0	0	0	0	0	0	0
948	0	0	0	0	0	0	0	0	0	0	0	0	0	0	0	0
949	0	0	0	0	0	0	0	0	0	0	0	0	0	0	0	0
950	0	0	0	0	0	0	0	0	0	0	0	0	0	0	0	0
951	0	0	0	0	0	0	0	0	0	0	0	0	0	0	0	0
952	0	0	0	0	0	0	0	0	0	0	0	0	0	0	0	0
953	0	0	0	0	0	0	0	0	0	0	0	0	0	0	0	0
954	0	0	0	0	0	0	0	0	0	0	0	0	0	0	0	0
955	0	0	0	0	0	0	0	0	0	0	0	0	0	0	0	0
956	0	0	0	0	0	0	0	0	0	0	0	0	0	0	0	0
957	0	0	0	0	0	0	0	0	0	0	0	0	0	0	0	0
958	0	0	0	0	0	0	0	0	0	0	0	0	0	0	0	0
959	0	0	0	0	0	0	0	0	0	0	0	0	0	0	0	0
960	0	0	0	0	0	0	0	0	0	0	0	0	0	0	0	0
961	0	0	0	0	0	0	0	0	0	0	0	0	0	0	0	0
962	0	0	0	0	0	0	0	0	0	0	0	0	0	0	0	0
963	0	0	0	0	0	0	0	0	0	0	0	0	0	0	0	0
964	0	0	0	0	0	0	0	0	0	0	0	0	0	0	0	0
965	0	0	0	0	0	0	0	0	0	0	0	0	0	0	0	0
966	0	0	0	0	0	0	0	0	0	0	0	0	0	0	0	0
967	0	0	0	0	0	0	0	0	0	0	0	0	0	0	0	0
968	0	0	0	0	0	0	0	0	0	0	0	0	0	0	0	0
969	0	0	0	0	0	0	0	0	0	0	0	0	0	0	0	0
970	0	0	0	0	0	0	0	0	0	0	0	0	0	0	0	0
971	0	0	0	0	0	0	0	0	0	0	0	0	0	0	0	0
972	0	0	0	0	0	0	0	0	0	0	0	0	0	0	0	0
973	0	0	0	0	0	0	0	0	0	0	0	0	0	0	0	0
974	0	0	0	0	0	0	0	0	0	0	0	0	0	0	0	0
975	0	0	0	0	0	0	0	0	0	0	0	0	0	0	0	0
976	0	0	0	0	0	0	0	0	0	0	0	0	0	0	0	0
977	0	0	0	0	0	0	0	0	0	0	0	0	0	0	0	0
978	0	0	0	0	0	0	0	0	0	0	0	0	0	0	0	0
979	0	0	0	0	0	0	0	0	0	0	0	0	0	0	0	0
980	0	0	0	0	0	0	0	0	0	0	0	0	0	0	0	0
981	0	0	0	0	0	0	0	0	0	0	0	0	0	0	0	0
982	0	0	0	0	0	0	0	0	0	0	0	0	0	0	0	0
983	0	0	0	0	0	0	0	0	0	0	0	0	0	0	0	0
984	0	0	0	0	0	0	0	0	0	0	0	0	0	0	0	0
985	0	0	0	0	0	0	0	0	0	0	0	0	0	0	0	0
986	0	0	0	0	0	0	0	0	0	0	0	0	0	0	0	0
987	0	0	0	0	0	0	0	0	0	0	0	0	0	0	0	0
988	0	0	0	0	0	0	0	0	0	0	0	0	0	0	0	0
989	0	0	0	0	0	0	0	0	0	0	0	0	0	0	0	0
990	0	0	0	0	0	0	0	0	0	0	0	0	0	0	0	0
991	0	0	0	0	0	0	0	0	0	0	0	0	0	0	0	0
992	0	0	0	0	0	0	0	0	0	0	0	0	0	0	0	0
993	0	0	0	0	0	0	0	0	0	0	0	0	0	0	0	0
994	0	0	0	0	0	0	0	0	0	0	0	0	0	0	0	0
995	0	0	0	0	0	0	0	0	0	0	0	0	0	0	0	0
996	0	0	0	0	0	0	0	0	0	0	0	0	0	0	0	0
997	0	0	0	0	0	0	0	0	0	0	0	0	0	0	0	0
998	0	0	0	0	0	0	0	0	0	0	0	0	0	0	0	0
999	0	0	0	0	0	0	0	0	0	0	0	0	0	0	0	0
1000	0	0	0	0	0	0	0	0	0	0	0	0	0	0	0	0
1001	0	0	0	0	0	0	0	0	0	0	0	0	0	0	0	0
1002	0	0	0	0	0	0	0	0	0	0	0	0	0	0	0	0
1003	0	0	0	0	0	0	0	0	0	0	0	0	0	0	0	0
1004	0	0	0	0	0	0	0	0	0	0	0	0	0	0	0	0
1005	0	0	0	0	0	0	0	0	0	0	0	0	0	0	0	0
1006	0	0	0	0	0	0	0	0	0	0	0	0	0	0	0	0
1007	0	0	0	0	0	0	0	0	0	0	0	0	0	0	0	0
1008	0	0	0	0	0	0	0	0	0	0	0	0	0	0	0	0
1009	0	0	0	0	0	0	0	0	0	0	0	0	0	0	0	0
1010	0	0	0	0	0	0	0	0	0	0	0	0	0	0	0	0
1011	0	0	0	0	0	0	0	0	0	0	0	0	0	0	0	0
1012	0	0	0	0	0	0	0	0	0	0	0	0	0	0	0	0
1013	0	0	0	0	0	0	0	0	0	0	0	0	0	0	0	0
1014	0	0	0	0	0	0	0	0	0	0	0	0	0	0	0	0
1015	0	0	0	0	0	0	0	0	0	0	0	0	0	0	0	0
1016	0	0	0	0	0	0	0	0	0	0	0	0	0	0	0	0
1017	0	0	0	0	0	0	0	0	0	0	0	0	0	0	0	0
1018	0	0	0	0	0	0	0	0	0	0	0	0	0	0	0	0
1019	0	0	0	0	0	0	0	0	0	0	0	0	0	0	0	0
1020	0	0	0	0	0	0	0	0	0	0	0	0	0	0	0	0
1021	0	0	0	0	0	0	0	0	0	0	0	0	0	0	0	0
1022	0	0	0	0	0	0	0	0	0	0	0	0	0	0	0	0
1023	0	0	0	0	0	0	0	0	0	0	0	0	0	0	0	0
1024	0	0	0	0	0	0	0	0	0	0	0	0	0	0	0	0
1025	0	0	0	0	0	0	0	0	0	0	0	0	0	0	0	0
1026	0	0	0	0	0	0	0	0	0	0	0	0	0	0	0	0
1027	0	0	0	0	0	0	0	0	0	0	0	0	0	0	0	0
1028	0	0	0	0	0	0	0	0	0	0	0	0	0	0	0	0
1029	0	0	0	0	0	0	0	0	0	0	0	0	0	0	0	0
1030	0	0	0	0	0	0	0	0	0	0	0	0	0	0	0	0
1031	0	0	0	0	0	0	0	0	0	0	0	0	0	0	0	0
1032	0	0	0	0	0	0	0	0	0	0	0	0	0	0	0	0
1033	0	0	0	0	0	0	0	0	0	0	0	0	0	0	0	0
1034	0	0	0	0	0	0	0	0	0	0	0	0	0	0	0	0
1035	0	0	0	0	0	0	0	0	0	0	0	0	0	0	0	0
1036	0	0	0	0	0	0	0	0	0	0	0	0	0	0	0	0
1037	0	0	0	0	0	0	0	0	0	0	0	0	0	0	0	0
1038	0	0	0	0	0	0	0	0	0	0	0	0	0	0	0	0
1039	0	0	0	0	0	0	0	0	0	0	0	0	0	0	0	0
1040	0	0	0	0	0	0	0	0	0	0	0	0	0	0	0	0
1041	0	0	0	0	0	0	0	0	0	0	0	0	0	0	0	0
1042	0	0	0	0	0	0	0	0	0	0	0	0	0	0	0	0
1043	0	0	0	0	0	0	0	0	0	0	0	0	0	0	0	0
1044	0	0	0	0	0	0	0	0	0	0	0	0	0	0	0	0
1045	0	0	0	0	0	0	0	0	0	0	0	0	0	0	0	0
1046	0	0	0	0	0	0	0	0	0	0	0	0	0	0	0	0
1047	0	0	0	0	0	0	0	0	0	0	0	0	0	0	0	0
1048	0	0	0	0	0	0	0	0	0	0	0	0	0	0	0	0
1049	0	0	0	0	0	0	0	0	0	0	0	0	0	0	0	0
1050	0	0	0	0	0	0	0	0	0	0	0	0	0	0	0	0
1051	0	0	0	0	0	0	0	0	0	0	0	0	0	0	0	0
1052	0	0	0	0	0	0	0	0	0	0	0	0	0	0	0	0
1053	0	0	0	0	0	0	0	0	0	0	0	0	0	0	0	0
1054	0	0	0	0	0	0	0	0	0	0	0	0	0	0	0	0
1055	0	0	0	0	0	0	0	0	0	0	0	0	0	0	0	0
1056	0	0	0	0	0	0	0	0	0	0	0	0	0	0	0	0
1057	0	0	0	0	0	0	0	0	0	0	0	0	0	0	0	0
1058	0	0	0	0	0	0	0	0	0	0	0	0	0	0	0	0
1059	0	0	0	0	0	0	0	0	0	0	0	0	0	0	0	0
1060	0	0	0	0	0	0	0	0	0	0	0	0	0	0	0	0
1061	0	0	0	0	0	0	0	0	0	0	0	0	0	0	0	0
1062	0	0	0	0	0	0	0	0	0	0	0	0	0	0	0	0
1063	0	0	0	0	0	0	0	0	0	0	0	0	0	0	0	0
1064	0	0	0	0	0	0	0	0	0	0	0	0	0	0	0	0
1065	0	0	0	0	0	0	0	0	0	0	0	0	0	0	0	0
1066	0	0	0	0	0	0	0	0	0	0	0	0	0	0	0	0
1067	0	0	0	0	0	0	0	0	0	0	0	0	0	0	0	0
1068	0	0	0	0	0	0	0	0	0	0	0	0	0	0	0	0
1069	0	0	0	0	0	0	0	0	0	0	0	0	0	0	0	0
1070	0	0	0	0	0	0	0	0	0	0	0	0	0	0	0	0
1071	0	0	0	0	0	0	0	0	0	0	0	0	0	0	0	0
1072	0	0	0	0	0	0	0	0	0	0	0	0	0	0	0	0
1073	0	0	0	0	0	0	0	0	0	0	0	0	0	0	0	0
1074	0	0	0	0	0	0	0	0	0	0	0	0	0	0	0	0
1075	0	0	0	0	0	0	0	0	0	0	0	0	0	0	0	0
1076	0	0	0	0	0	0	0	0	0	0	0	0	0	0	0	0
1077	0	0	0	0	0	0	0	0	0	0	0	0	0	0	0	0
1078	0	0	0	0	0	0	0	0	0	0	0	0	0	0	0	0
1079	0	0	0	0	0	0	0	0	0	0	0	0	0	0	0	0
1080	0	0	0	0	0	0	0	0	0	0	0	0	0	0	0	0
1081	0	0	0	0	0	0	0	0	0	0	0	0	0	0	0	0
1082	0	0	0	0	0	0	0	0	0	0	0	0	0	0	0	0
1083	0	0	0	0	0	0	0	0	0	0	0	0	0	0	0	0
1084	0	0	0	0	0	0	0	0	0	0	0	0	0	0	0	0
1085	0	0	0	0	0	0	0	0	0	0	0	0	0	0	0	0
1086	0	0	0	0	0	0	0	0	0	0	0	0	0	0	0	0
1087	0	0	0	0	0	0	0	0	0	0	0	0	0	0	0	0
1088	0	0	0	0	0	0	0	0	0	0	0	0	0	0	0	0
1089	0	0	0	0	0	0	0	0	0	0	0	0	0	0	0	0
1090	0	0	0	0	0	0	0	0	0	0	0	0	0	0	0	0
1091	0	0	0	0	0	0	0	0	0	0	0	0	0	0	0	0
1092	0	0	0	0	0	0	0	0	0	0	0	0	0	0	0	0
1093	0	0	0	0	0	0	0	0	0	0	0	0	0	0	0	0
1094	0	0	0	0	0	0	0	0	0	0	0	0	0	0	0	0
1095	0	0	0	0	0	0	0	0	0	0	0	0	0	0	0	0
1096	0	0	0	0	0	0	0	0	0	0	0	0	0	0	0	0
1097	0	0	0	0	0	0	0	0	0	0	0	0	0	0	0	0
1098	0	0	0	0	0	0	0	0	0	0	0	0	0	0	0	0
1099	0	0	0	0	0	0	0	0	0	0	0	0	0	0	0	0
1100	0	0	0	0	0	0	0	0	0	0	0	0	0	0	0	0
1101	0	0	0	0	0	0	0	0	0	0	0	0	0	0	0	0
1102	0	0	0	0	0	0	0	0	0	0	0	0	0	0	0	0
1103	0	0	0	0	0	0	0	0	0	0	0	0	0	0	0	0
1104	0	0	0	0	0	0	0	0	0	0	0	0	0	0	0	0
1105	0	0	0	0	0	0	0	0	0	0	0	0	0	0	0	0
1106	0	0	0	0	0	0	0	0	0	0	0	0	0	0	0	0
1107	0	0	0	0	0	0	0	0	0	0	0	0	0	0	0	0
1108	0	0	0	0	0	0	0	0	0	0	0	0	0	0	0	0
1109	0	0	0	0	0	0	0	0	0	0	0	0	0	0	0	0
1110	0	0	0	0	0	0	0	0	0	0	0	0	0	0	0	0
1111	0	0	0	0	0	0	0	0	0	0	0	0	0	0	0	0
1112	0	0	0	0	0	0	0	0	0	0	0	0	0	0	0	0
1113	0	0	0	0	0	0	0	0	0	0	0	0	0	0	0	0
1114	0	0	0	0	0	0	0	0	0	0	0	0	0	0	0	0
1115	0	0	0	0	0	0	0	0	0	0	0	0	0	0	0	0
1116	0	0	0	0	0	0	0	0	0	0	0	0	0	0	0	0
1117	0	0	0	0	0	0	0	0	0	0	0	0	0	0	0	0
1118	0	0	0	0	0	0	0	0	0	0	0	0	0	0	0	0
1119	0	0	0	0	0	0	0	0	0	0	0	0	0	0	0	0
1120	0	0	0	0	0	0	0	0	0	0	0	0	0	0	0	0
1121	0	0	0	0	0	0	0	0	0	0	0	0	0	0	0	0
1122	0	0	0	0	0	0	0	0	0	0	0	0	0	0	0	0
1123	0	0	0	0	0	0	0	0	0	0	0	0	0	0	0	0
1124	0	0	0	0	0	0	0	0	0	0	0	0	0	0	0	0
1125	0	0	0	0	0	0	0	0	0	0	0	0	0	0	0	0
1126	0	0	0	0	0	0	0	0	0	0	0	0	0	0	0	0
1127	0	0	0	0	0	0	0	0	0	0	0	0	0	0	0	0
1128	0	0	0	0	0	0	0	0	0	0	0	0	0	0	0	0
1129	0	0	0	0	0	0	0	0	0	0	0	0	0	0	0	0
1130	0	0	0	0	0	0	0	0	0	0	0	0	0	0	0	0
1131	0	0	0	0	0	0	0	0	0	0	0	0	0	0	0	0
1132	0	0	0	0	0	0	0	0	0	0	0	0	0	0	0	0
1133	0	0	0	0	0	0	0	0	0	0	0	0	0	0	0	0
1134	0	0	0	0	0	0	0	0	0	0	0	0	0	0	0	0
1135	0	0	0	0	0	0	0	0	0	0	0	0	0	0	0	0
1136	0	0	0	0	0	0	0	0	0	0	0	0	0	0	0	0
1137	0	0	0	0	0	0	0	0	0	0	0	0	0	0	0	0
1138	0	0	0	0	0	0	0	0	0	0	0	0	0	0	0	0
1139	0	0	0	0	0	0	0	0	0	0	0	0	0	0	0	0
1140	0	0	0	0	0	0	0	0	0	0	0	0	0	0	0	0
1141	0	0	0	0	0	0	0	0	0	0	0	0	0	0	0	0
1142	0	0	0	0	0	0	0	0	0	0	0	0	0	0	0	0
1143	0	0	0	0	0	0	0	0	0	0	0	0	0	0	0	0
1144	0	0	0	0	0	0	0	0	0	0	0	0	0	0	0	0
1145	0	0	0	0	0	0	0	0	0	0	0	0	0	0	0	0
1146	0	0	0	0	0	0	0	0	0	0	0	0	0	0	0	0
1147	0	0	0	0	0	0	0	0	0	0	0	0	0	0	0	0
1148	0	0	0	0	0	0	0	0	0	0	0	0	0	0	0	0
1149	0	0	0	0	0	0	0	0	0	0	0	0	0	0	0	0
1150	0	0	0	0	0	0	0	0	0	0	0	0	0	0	0	0
1151	0	0	0	0	0	0	0	0	0	0	0	0	0	0	0	0
1152	0	0	0	0	0	0	0	0	0	0	0	0	0	0	0	0
1153	0	0	0	0	0	0	0	0	0	0	0	0	0	0	0	0
1154	0	0	0	0	0	0	0	0	0	0	0	0	0	0	0	0
1155	0	0	0	0	0	0	0	0	0	0	0	0	0	0	0	0
1156	0	0	0	0	0	0	0	0	0	0	0	0	0	0	0	0
1157	0	0	0	0	0	0	0	0	0	0	0	0	0	0	0	0
1158	0	0	0	0	0	0	0	0	0	0	0	0	0	0	0	0
1159	0	0	0	0	0	0	0	0	0	0	0	0	0	0	0	0
1160	0	0	0	0	0	0	0	0	0	0	0	0	0	0	0	0
1161	0	0	0	0	0	0	0	0	0	0	0	0	0	0	0	0
1162	0	0	0	0	0	0	0	0	0	0	0	0	0	0	0	0
1163	0	0	0	0	0	0	0	0	0	0	0	0	0	0	0	0
1164	0	0	0	0	0	0	0	0	0	0	0	0	0	0	0	0
1165	0	0	0	0	0	0	0	0	0	0	0	0	0	0	0	0
1166	0	0	0	0	0	0	0	0	0	0	0	0	0	0	0	0
1167	0	0	0	0	0	0	0	0	0	0	0	0	0	0	0	0
1168	0	0	0	0	0	0	0	0	0	0	0	0	0	0	0	0
1169	0	0	0	0	0	0	0	0	0	0	0	0	0	0	0	0
1170	0	0	0	0	0	0	0	0	0	0	0	0	0	0	0	0
1171	0	0	0	0	0	0	0	0	0	0	0	0	0	0	0	0
1172	0	0	0	0	0	0	0	0	0	0	0	0	0	0	0	0
1173	0	0	0	0	0	0	0	0	0	0	0	0	0	0	0	0
1174	0	0	0	0	0	0	0	0	0	0	0	0	0	0	0	0
1175	0	0	0	0	0	0	0	0	0	0	0	0	0	0	0	0
1176	0	0	0	0	0	0	0	0	0	0	0	0	0	0	0	0
1177	0	0	0	0	0	0	0	0	0	0	0	0	0	0	0	0
1178	0	0	0	0	0	0	0	0	0	0	0	0	0	0	0	0
1179	0	0	0	0	0	0	0	0	0	0	0	0	0	0	0	0
1180	0	0	0	0	0	0	0	0	0	0	0	0	0	0	0	0
1181	0	0	0	0	0	0	0	0	0	0	0	0	0	0	0	0
1182	0	0	0	0	0	0	0	0	0	0	0	0	0	0	0	0
1183	0	0	0	0	0	0	0	0	0	0	0	0	0	0	0	0
1184	0	0	0	0	0	0	0	0	0	0	0	0	0	0	0	0
1185	0	0	0	0	0	0	0	0	0	0	0	0	0	0	0	0
1186	0	0	0	0	0	0	0	0	0	0	0	0	0	0	0	0
1187	0	0	0	0	0	0	0	0	0	0	0	0	0	0	0	0
1188	0	0	0	0	0	0	0	0	0	0	0	0	0	0	0	0
1189	0	0	0	0	0	0	0	0	0	0	0	0	0	0	0	0
1190	0	0	0	0	0	0	0	0	0	0	0	0	0	0	0	0
1191	0	0	0	0	0	0	0	0	0	0	0	0	0	0	0	0
1192	0	0	0	0	0	0	0	0	0	0	0	0	0	0	0	0
1193	0	0	0	0	0	0	0	0	0	0	0	0	0	0	0	0
1194	0	0	0	0	0	0	0	0	0	0	0	0	0	0	0	0
1195	0	0	0	0	0	0	0	0	0	0	0	0	0	0	0	0
1196	0	0	0	0	0	0	0	0	0	0	0	0	0	0	0	0
1197	0	0	0	0	0	0	0	0	0	0	0	0	0	0	0	0
1198	0	0	0	0	0	0	0	0	0	0	0	0	0	0	0	0
1199	0	0	0	0	0	0	0	0	0	0	0	0	0	0	0	0
1200	0	0	0	0	0	0	0	0	0	0	0	0	0	0	0	0
1201	0	0	0	0	0	0	0	0	0	0	0	0	0	0	0	0
1202	0	0	0	0	0	0	0	0	0	0	0	0	0	0	0	0
1203	0	0	0	0	0	0	0	0	0	0	0	0	0	0	0	0
1204	0	0	0	0	0	0	0	0	0	0	0	0	0	0	0	0
1205	0	0	0	0	0	0	0	0	0	0	0	0	0	0	0	0
1206	0	0	0	0	0	0	0	0	0	0	0	0	0	0	0	0
1207	0	0	0	0	0	0	0	0	0	0	0	0	0	0	0	0
1208	0	0	0	0	0	0	0	0	0	0	0	0	0	0	0	0
1209	0	0	0	0	0	0	0	0	0	0	0	0	0	0	0	0
1210	0	0	0	0	0	0	0	0	0	0	0	0	0	0	0	0
1211	0	0	0	0	0	0	0	0	0	0	0	0	0	0	0	0
1212	0	0	0	0	0	0	0	0	0	0	0	0	0	0	0	0
1213	0	0	0	0	0	0	0	0	0	0	0	0	0	0	0	0
1214	0	0	0	0	0	0	0	0	0	0	0	0	0	0	0	0
1215	0	0	0	0	0	0	0	0	0	0	0	0	0	0	0	0
1216	0	0	0	0	0	0	0	0	0	0	0	0	0	0	0	0
1217	0	0	0	0	0	0	0	0	0	0	0	0	0	0	0	0
1218	0	0	0	0	0	0	0	0	0	0	0	0	0	0	0	0
1219	0	0	0	0	0	0	0	0	0	0	0	0	0	0	0	0
1220	0	0	0	0	0	0	0	0	0	0	0	0	0	0	0	0
1221	0	0	0	0	0	0	0	0	0	0	0	0	0	0	0	0
1222	0	0	0	0	0	0	0	0	0	0	0	0	0	0	0	0
1223	0	0	0	0	0	0	0	0	0	0	0	0	0	0	0	0
1224	0	0	0	0	0	0	0	0	0	0	0	0	0	0	0	0
1225	0	0	0	0	0	0	0	0	0	0	0	0	0	0	0	0
1226	0	0	0	0	0	0	0	0	0	0	0	0	0	0	0	0
1227	0	0	0	0	0	0	0	0	0	0	0	0	0	0	0	0
1228	0	0	0	0	0	0	0	0	0	0	0	0	0	0	0	0
1229	0	0	0	0	0	0	0	0	0	0	0	0	0	0	0	0
1230	0	0	0	0	0	0	0	0	0	0	0	0	0	0	0	0
1231	0	0	0	0	0	0	0	0	0	0	0	0	0	0	0	0
1232	0	0	0	0	0	0	0	0	0	0	0	0	0	0	0	0
1233	0	0	0	0	0	0	0	0	0	0	0	0	0	0	0	0
1234	0	0	0	0	0	0	0	0	0	0	0	0	0	0	0	0
1235	0	0	0	0	0	0	0	0	0	0	0	0	0	0	0	0
1236	0	0	0	0	0	0	0	0	0	0	0	0	0	0	0	0
1237	0	0	0	0	0	0	0	0	0	0	0	0	0	0	0	0
1238	0	0	0	0	0	0	0	0	0	0	0	0	0	0	0	0
1239	0	0	0	0	0	0	0	0	0	0	0	0	0	0	0	0
1240	0	0	0	0	0	0	0	0	0	0	0	0	0	0	0	0
1241	0	0	0	0	0	0	0	0	0	0	0	0	0	0	0	0
1242	0	0	0	0	0	0	0	0	0	0	0	0	0	0	0	0
1243	0	0	0	0	0	0	0	0	0	0	0	0	0	0	0	0
1244	0	0	0	0	0	0	0	0	0	0	0	0	0	0	0	0
1245	0	0	0	0	0	0	0	0	0	0	0	0	0	0	0	0
1246	0	0	0	0	0	0	0	0	0	0	0	0	0	0	0	0
1247	0	0	0	0	0	0	0	0	0	0	0	0	0	0	0	0
1248	0	0	0	0	0	0	0	0	0	0	0	0	0	0	0	0
1249	0	0	0	0	0	0	0	0	0	0	0	0	0	0	0	0
1250	0	0	0	0	0	0	0	0	0	0	0	0	0	0	0	0
1251	0	0	0	0	0	0	0	0	0	0	0	0	0	0	0	0
1252	0	0	0	0	0	0	0	0	0	0	0	0	0	0	0	0
1253	0	0	0	0	0	0	0	0	0	0	0	0	0	0	0	0
1254	0	0	0	0	0	0	0	0	0	0	0	0	0	0	0	0
1255	0	0	0	0	0	0	0	0	0	0	0	0	0	0	0	0
1256	0	0	0	0	0	0	0	0	0	0	0	0	0	0	0	0
1257	0	0	0	0	0	0	0	0	0	0	0	0	0	0	0	0
1258	0	0	0	0	0	0	0	0	0	0	0	0	0	0	0	0
1259	0	0	0	0	0	0	0	0	0	0	0	0	0	0	0	0
1260	0	0	0	0	0	0	0	0	0	0	0	0	0	0	0	0
1261	0	0	0	0	0	0	0	0	0	0	0	0	0	0	0	0
1262	0	0	0	0	0	0	0	0	0	0	0	0	0	0	0	0
1263	0	0	0	0	0	0	0	0	0	0	0	0	0	0	0	0
1264	0	0	0	0	0	0	0	0	0	0	0	0	0	0	0	0
1265	0	0	0	0	0	0	0	0	0	0	0	0	0	0	0	0
1266	0	0	0	0	0	0	0	0	0	0	0	0	0	0	0	0
1267	0	0	0	0	0	0	0	0	0	0	0	0	0	0	0	0
1268	0	0	0	0	0	0	0	0	0	0	0	0	0	0	0	0
1269	0	0	0	0	0	0	0	0	0	0	0	0	0	0	0	0
1270	0	0	0	0	0	0	0	0	0	0	0	0	0	0	0	0
1271	0	0	0	0	0	0	0	0	0	0	0	0	0	0	0	0
1272	0	0	0	0	0	0	0	0	0	0	0	0	0	0	0	0
1273	0	0	0	0	0	0	0	0	0	0	0	0	0	0	0	0
1274	0	0	0	0	0	0	0	0	0	0	0	0	0	0	0	0
1275	0	0	0	0	0	0	0	0	0	0	0	0	0	0	0	0
1276	0	0	0	0	0	0	0	0	0	0	0	0	0	0	0	0
1277	0	0	0	0	0	0	0	0	0	0	0	0	0	0	0	0
1278	0	0	0	0	0	0	0	0	0	0	0	0	0	0	0	0
1279	0	0	0	0	0	0	0	0	0	0	0	0	0	0	0	0
1280	0	0	0	0	0	0	0	0	0	0	0	0	0	0	0	0
1281	0	0	0	0	0	0	0	0	0	0	0	0	0	0	0	0
1282	0	0	0	0	0	0	0	0	0	0	0	0	0	0	0	0
1283	0	0	0	0	0	0	0	0	0	0	0	0	0	0	0	0
1284	0	0	0	0	0	0	0	0	0	0	0	0	0	0	0	0
1285	0	0	0	0	0	0	0	0	0	0	0	0	0	0	0	0
1286	0	0	0	0	0	0	0	0	0	0	0	0	0	0	0	0
1287	0	0	0	0	0	0	0	0	0	0	0	0	0	0	0	0
1288	0	0	0	0	0	0	0	0	0	0	0	0	0	0	0	0
1289	0	0	0	0	0	0	0	0	0	0	0	0	0	0	0	0
1290	0	0	0	0	0	0	0	0	0	0	0	0	0	0	0	0
1291	0	0	0	0	0	0	0	0	0	0	0	0	0	0	0	0
1292	0	0	0	0	0	0	0	0	0	0	0	0	0	0	0	0
1293	0	0	0	0	0	0	0	0	0	0	0	0	0	0	0	0
1294	0	0	0	0	0	0	0	0	0	0	0	0	0	0	0	0
1295	0	0	0	0	0	0	0	0	0	0	0	0	0	0	0	0
1296	0	0	0	0	0	0	0	0	0	0	0	0	0	0	0	0
1297	0	0	0	0	0	0	0	0	0	0	0	0	0	0	0	0
1298	0	0	0	0	0	0	0	0	0	0	0	0	0	0	0	0
1299	0	0	0	0	0	0	0	0	0	0	0	0	0	0	0	0
1300	0	0	0	0	0	0	0	0	0	0	0	0	0	0	0	0
1301	0	0	0	0	0	0	0	0	0	0	0	0	0	0	0	0
1302	0	0	0	0	0	0	0	0	0	0	0	0	0	0	0	0
1303	0	0	0	0	0	0	0	0	0	0	0	0	0	0	0	0
1304	0	0	0	0	0	0	0	0	0	0	0	0	0	0	0	0
1305	0	0	0	0	0	0	0	0	0	0	0	0	0	0	0	0
1306	0	0	0	0	0	0	0	0	0	0	0	0	0	0	0	0
1307	0	0	0	0	0	0	0	0	0	0	0	0	0	0	0	0
1308	0	0	0	0	0	0	0	0	0	0	0	0	0	0	0	0
1309	0	0	0	0	0	0	0	0	0	0	0	0	0	0	0	0
1310	0	0	0	0	0	0	0	0	0	0	0	0	0	0	0	0
1311	0	0	0	0	0	0	0	0	0	0	0	0	0	0	0	0
1312	0	0	0	0	0	0	0	0	0	0	0	0	0	0	0	0
1313	0	0	0	0	0	0	0	0	0	0	0	0	0	0	0	0
1314	0	0	0	0	0	0	0	0	0	0	0	0	0	0	0	0
1315	0	0	0	0	0	0	0	0	0	0	0	0	0	0	0	0
1316	0	0	0	0	0	0	0	0	0	0	0	0	0	0	0	0
1317	0	0	0	0	0	0	0	0	0	0	0	0	0	0	0	0
1318	0	0	0	0	0	0	0	0	0	0	0	0	0	0	0	0
1319	0	0	0	0	0	0	0	0	0	0	0	0	0	0	0	0
1320	0	0	0	0	0	0	0	0	0	0	0	0	0	0	0	0
1321	0	0	0	0	0	0	0	0	0	0	0	0	0	0	0	0
1322	0	0	0	0	0	0	0	0	0	0	0	0	0	0	0	0
1323	0	0	0	0	0	0	0	0	0	0	0	0	0	0	0	0
1324	0	0	0	0	0	0	0	0	0	0	0	0	0	0	0	0
1325	0	0	0	0	0	0	0	0	0	0	0	0	0	0	0	0
1326	0	0	0	0	0	0	0	0	0	0	0	0	0	0	0	0
1327	0	0	0	0	0	0	0	0	0	0	0	0	0	0	0	0
1328	0	0	0	0	0	0	0	0	0	0	0	0	0	0	0	0
1329	0	0	0	0	0	0	0	0	0	0	0	0	0	0	0	0
1330	0	0	0	0	0	0	0	0	0	0	0	0	0	0	0	0
1331	0	0	0	0	0	0	0	0	0	0	0	0	0	0	0	0
1332	0	0	0	0	0	0	0	0	0	0	0	0	0	0	0	0
1333	0	0	0	0	0	0	0	0	0	0	0	0	0	0	0	0
1334	0	0	0	0	0	0	0	0	0	0	0	0	0	0	0	0
1335	0	0	0	0	0	0	0	0	0	0	0	0	0	0	0	0
1336	0	0	0	0	0	0	0	0	0	0	0	0	0	0	0	0
1337	0	0	0	0	0	0	0	0	0	0	0	0	0	0	0	0
1338	0	0	0	0	0	0	0	0	0	0	0	0	0	0	0	0
1339	0	0	0	0	0	0	0	0	0	0	0	0	0	0	0	0
1340	0	0	0	0	0	0	0	0	0	0	0	0	0	0	0	0
1341	0	0	0	0	0	0	0	0	0	0	0	0	0	0	0	0
1342	0	0	0	0	0	0	0	0	0	0	0	0	0	0	0	0
1343	0	0	0	0	0	0	0	0	0	0	0	0	0	0	0	0
1344	0	0	0	0	0	0	0	0	0	0	0	0	0	0	0	0
1345	0	0	0	0	0	0	0	0	0	0	0	0	0	0	0	0
1346	0	0	0	0	0	0	0	0	0	0	0	0	0	0	0	0
1347	0	0	0	0	0	0	0	0	0	0	0	0	0	0	0	0
1348	0	0	0	0	0	0	0	0	0	0	0	0	0	0	0	0
1349	0	0	0	0	0	0	0	0	0	0	0	0	0	0	0	0
1350	0	0	0	0	0	0	0	0	0	0	0	0	0	0	0	0
1351	0	0	0	0	0	0	0	0	0	0	0	0	0	0	0	0
1352	0	0	0	0	0	0	0	0	0	0	0	0	0	0	0	0
1353	0	0	0	0	0	0	0	0	0	0	0	0	0	0	0	0
1354	0	0	0	0	0	0	0	0	0	0	0	0	0	0	0	0
1355	0	0	0	0	0	0	0	0	0	0	0	0	0	0	0	0
1356	0	0	0	0	0	0	0	0	0	0	0	0	0	0	0	0
1357	0	0	0	0	0	0	0	0	0	0	0	0	0	0	0	0
1358	0	0	0	0	0	0	0	0	0	0	0	0	0	0	0	0
1359	0	0	0	0	0	0	93.3	0	0	0	0	0	0	0	0	0
1360	0	0	0	0	0	0	100.0	0	0	0	0	0	0	0	0	0
1361	0	0	0	0	0	0	93.3	0	0	0	0	0	0	0	0	0
1362	0	0	0	0	0	0	93.3	0	0	0	0	0	0	0	0	0
1363	0	0	0	0	0	0	93.8	0	0	0	0	0	0	0	0	0
1364	0	0	0	0	0	0	100.0	0	0	0	0	0	0	0	0	0
1365	0	0	0	0	0	0	93.3	0	0	0	0	0	0	0	0	0
1366	0	0	0	0	0	0	100.0	0	0	0	0	0	0	0	0	0
1367	0	0	0	0	0	0	93.3	0	0	0	0	0	0	0	0	0
1368	0	0	0	0	0	0	93.3	0	0	0	0	0	0	0	0	0
1369	0	0	0	0	0	0	0	100.0	0	0	0	0	0	0	0	0
1370	0	0	0	0	0	0	0	100.0	0	0	0	0	0	0	0	0
1371	0	0	0	100.0	0	0	0	0	0	0	0	0	0	0	0	0
1372	0	0	0	100.0	0	0	0	0	0	0	0	0	0	0	0	0
1373	0	0	0	100.0	0	0	0	0	0	0	0	0	0	0	0	0
1374	0	0	0	93.3	0	0	0	0	0	0	0	0	0	0	0	0
1375	0	0	0	93.3	0	0	0	0	0	0	0	0	0	0	0	0
1376	0	0	0	100.0	0	0	0	0	0	0	0	0	0	0	0	0
1377	0	0	0	100.0	0	0	0	0	0	0	0	0	0	0	0	0
1378	0	0	0	100.0	0	0	0	0	0	0	0	0	0	0	0	0
1379	0	0	0	100.0	0	0	0	0	0	0	0	0	0	0	0	0
1380	0	0	0	100.0	0	0	0	0	0	0	0	0	0	0	0	0
1381	0	0	0	100.0	0	0	0	0	0	0	0	0	0	0	0	0
1382	0	0	0	100.0	0	0	0	0	0	0	0	0	0	0	0	0
1383	0	0	0	100.0	0	0	0	0	0	0	0	0	0	0	0	0
1384	0	0	0	100.0	0	0	0	0	0	0	0	0	0	0	0	0
1385	0	0	0	100.0	0	0	0	0	0	0	0	0	0	0	0	0
1386	0	0	0	100.0	0	0	0	0	0	0	0	0	0	0	0	0
1387	0	0	0	100.0	0	0	0	0	0	0	0	0	0	0	0	0
1388	0	0	0	100.0	0	0	0	0	0	0	0	0	0	0	0	0
1389	0	0	0	100.0	0	0	0	0	0	0	0	0	0	0	0	0
1390	0	0	0	0	0	100.0	0	0	0	0	0	0	0	0	0	0
1391	0	0	0	0	0	93.8	0	0	0	0	0	0	0	0	0	0
1392	0	0	0	0	0	93.3	0	0	0	0	0	0	0	0	0	0
1393	0	0	0	0	100.0	0	0	0	0	0	0	0	0	26.7	0	0
1394	0	0	0	0	100.0	0	0	0	0	0	0	0	0	26.7	0	0
1395	7143.8	0	0	0	0	0	0	0	0	0	0	0	0	0	0	0
1396	6799.400000000007	0	0	0	0	0	0	0	0	0	0	0	0	0	0	0
1397	6922.900000000008	0	0	0	0	0	0	0	0	0	0	0	0	0	0	0
1398	7193.8	0	0	0	0	0	0	0	0	0	0	0	0	0	0	0
1399	6943.8	0	0	0	0	0	0	0	0	0	0	0	0	0	0	0
1400	6740.5	0	0	0	0	0	0	0	0	0	0	0	0	0	0	0
1401	6823.000000000004	0	0	0	0	0	0	0	0	0	0	0	0	0	0	0
1402	6852.200000000008	0	0	0	0	0	0	0	0	0	0	0	0	0	0	0
1403	7100.0	0	0	0	0	0	0	0	0	0	0	0	0	0	0	0
1404	6944.000000000001	0	0	0	0	0	0	0	0	0	0	0	0	0	0	0
1405	7187.6	0	0	0	0	0	0	0	0	0	0	0	0	0	0	0
1406	6818.8	0	0	0	0	0	0	0	0	0	0	0	0	0	0	0
1407	7162.6	0	0	0	0	0	0	0	0	0	0	0	0	0	0	0
1408	7175.0	0	0	0	0	0	0	0	0	0	0	0	0	0	0	0
1409	6819.000000000001	0	0	0	0	0	0	0	0	0	0	0	0	0	0	0
1410	7187.6	0	0	0	0	0	0	0	0	0	0	0	0	0	0	0
1411	6925.200000000001	0	0	0	0	0	0	0	0	0	0	0	0	0	0	0
1412	7181.400000000001	0	0	0	0	0	0	0	0	0	0	0	0	0	0	0
1413	7068.7	0	0	0	0	0	0	0	0	0	0	0	0	0	0	0
1414	6881.600000000007	0	0	0	0	0	0	0	0	0	0	0	0	0	0	0
1415	7181.400000000001	0	0	0	0	0	0	0	0	0	0	0	6.2	0	0	0
1416	6969.90000000001	0	0	0	0	0	0	0	0	0	0	0	0	0	0	0
1417	7137.5	0	0	0	0	0	0	0	0	0	0	0	0	0	0	0
1418	7034.8000000000075	0	0	0	0	0	0	0	0	0	0	0	0	0	0	0
1419	7006.2	0	0	0	0	0	0	0	0	0	6.2	0	0	0	0	0
1420	7093.8	0	0	0	0	0	0	0	0	0	0	0	0	0	0	0
1421	6722.800000000007	0	0	0	0	0	0	0	0	0	0	0	0	0	0	0
1422	7181.2	0	0	0	0	0	0	0	0	0	0	0	0	0	0	0
1423	7150.300000000001	0	0	0	0	0	0	0	0	0	0	0	0	0	0	0
1424	6258.099999999999	0	0	0	0	0	0	0	0	0	0	0	0	0	0	0
1425	7150.200000000001	0	0	0	0	0	0	0	0	0	12.5	0	0	0	0	0
1426	6864.100000000007	0	0	0	0	0	0	0	0	0	0	0	0	0	0	0
1427	7118.7	0	0	0	0	0	0	0	0	0	0	0	0	0	0	0
1428	6917.000000000006	0	0	0	0	0	0	0	0	0	11.8	0	0	0	0	0
1429	6922.8000000000075	0	0	0	0	0	0	0	0	0	0	0	0	0	0	0
1430	7127.599999999998	0	0	0	0	0	0	0	0	0	0	0	0	0	0	0
1431	7156.3	0	0	0	0	0	0	0	0	0	0	0	0	0	0	0
1432	6781.700000000006	0	0	0	0	0	0	0	0	0	0	0	0	0	0	0
1433	6940.40000000001	0	0	0	0	0	0	0	0	0	0	0	0	0	0	0
1434	6940.400000000009	0	0	0	0	0	0	0	0	0	0	0	0	0	0	0
1435	7106.500000000001	0	0	0	0	0	0	0	0	0	0	0	0	0	0	0
1436	6911.100000000007	0	0	0	0	0	0	0	0	0	0	0	0	0	0	0
1437	7175.1	0	0	0	0	0	0	0	0	0	0	0	0	0	0	0
1438	7012.6	0	0	0	0	0	0	0	0	0	0	0	0	0	0	0
1439	7187.6	0	0	0	0	0	0	0	0	0	0	0	0	0	0	0
1440	6940.500000000008	0	0	0	0	0	0	0	0	0	11.8	0	0	0	0	0
